\connect chinook

CREATE TABLE artists (
  artist_id SERIAL PRIMARY KEY,
  name TEXT NOT NULL,
  country TEXT NOT NULL,
  formed_year INT NOT NULL
);

CREATE TABLE albums (
  album_id SERIAL PRIMARY KEY,
  title TEXT NOT NULL,
  artist_id INT NOT NULL REFERENCES artists(artist_id),
  release_year INT NOT NULL,
  genre TEXT NOT NULL
);

CREATE TABLE tracks (
  track_id SERIAL PRIMARY KEY,
  name TEXT NOT NULL,
  album_id INT NOT NULL REFERENCES albums(album_id),
  milliseconds INT NOT NULL,
  composer TEXT NOT NULL,
  bytes INT NOT NULL,
  price NUMERIC(10,2) NOT NULL
);

INSERT INTO artists (artist_id, name, country, formed_year) VALUES
  (1, 'Signal Marble 1', 'Germany', 1981),
  (2, 'Indigo Paper 2', 'Canada', 1976),
  (3, 'Solar Horizon 3', 'Mexico', 1966),
  (4, 'Solar Crimson 4', 'Spain', 2002),
  (5, 'Atlas Fable 5', 'UK', 1977),
  (6, 'Paper Static 6', 'UK', 2003),
  (7, 'Velvet Crimson 7', 'Spain', 1995),
  (8, 'Prism Quartz 8', 'Australia', 1977),
  (9, 'Static Atlas 9', 'USA', 1999),
  (10, 'Mirror Crimson 10', 'Australia', 2007),
  (11, 'Atlas Nova 11', 'Mexico', 1978),
  (12, 'Horizon Crimson 12', 'Brazil', 1996),
  (13, 'Signal Crimson 13', 'Spain', 1991),
  (14, 'Horizon Digital 14', 'Italy', 1984),
  (15, 'Quartz Golden 15', 'Spain', 1972),
  (16, 'Mirror Solar 16', 'Spain', 1976),
  (17, 'Paper Neon 17', 'Germany', 2012),
  (18, 'Signal Orbit 18', 'Germany', 1971),
  (19, 'Indigo Quartz 19', 'Germany', 1985),
  (20, 'Digital Golden 20', 'UK', 2014),
  (21, 'Echo Signal 21', 'UK', 1988),
  (22, 'Crimson Orbit 22', 'USA', 2015),
  (23, 'Golden Digital 23', 'Italy', 1975),
  (24, 'Orbit Solar 24', 'Brazil', 1973),
  (25, 'Fable Velvet 25', 'UK', 1976),
  (26, 'Signal Orbit 26', 'France', 2005),
  (27, 'Orbit Nova 27', 'Spain', 2008),
  (28, 'Echo Prism 28', 'USA', 2008),
  (29, 'Horizon Static 29', 'UK', 1999),
  (30, 'Orbit Static 30', 'Canada', 1974),
  (31, 'Crimson Marble 31', 'Brazil', 1966),
  (32, 'Solar Atlas 32', 'Spain', 1998),
  (33, 'Orbit Fable 33', 'Germany', 1972),
  (34, 'Velvet Velvet 34', 'France', 2010),
  (35, 'Signal Atlas 35', 'UK', 1970),
  (36, 'Orbit Paper 36', 'Brazil', 1974),
  (37, 'Mirror Nova 37', 'Canada', 1987),
  (38, 'Prism Crimson 38', 'Germany', 2002),
  (39, 'Prism Nova 39', 'Spain', 1972),
  (40, 'Nova Echo 40', 'UK', 1976),
  (41, 'Digital Golden 41', 'UK', 2016),
  (42, 'Prism Signal 42', 'UK', 1999),
  (43, 'Velvet Mirror 43', 'Spain', 1982),
  (44, 'Indigo Crimson 44', 'Brazil', 2013),
  (45, 'Velvet Signal 45', 'Italy', 1967),
  (46, 'Fable Atlas 46', 'Brazil', 1999),
  (47, 'Signal Signal 47', 'USA', 2014),
  (48, 'Quartz Indigo 48', 'Australia', 1988),
  (49, 'Fable Digital 49', 'Mexico', 1979),
  (50, 'Echo Golden 50', 'UK', 2002),
  (51, 'Marble Atlas 51', 'UK', 2001),
  (52, 'Mirror Golden 52', 'Mexico', 2008),
  (53, 'Mirror Neon 53', 'France', 1984),
  (54, 'Paper Quartz 54', 'Canada', 2010),
  (55, 'Marble Signal 55', 'Italy', 1997),
  (56, 'Signal Crimson 56', 'Canada', 1973),
  (57, 'Neon Digital 57', 'Germany', 2002),
  (58, 'Horizon Neon 58', 'Spain', 1984),
  (59, 'Atlas Horizon 59', 'USA', 1993),
  (60, 'Marble Static 60', 'Mexico', 1985),
  (61, 'Orbit Solar 61', 'Mexico', 1974),
  (62, 'Prism Prism 62', 'France', 1969),
  (63, 'Marble Signal 63', 'USA', 1965),
  (64, 'Mirror Indigo 64', 'Canada', 2016),
  (65, 'Mirror Paper 65', 'Germany', 2000),
  (66, 'Signal Golden 66', 'Mexico', 1968),
  (67, 'Nova Paper 67', 'Italy', 1985),
  (68, 'Marble Mirror 68', 'Italy', 2010),
  (69, 'Digital Paper 69', 'Australia', 1973),
  (70, 'Crimson Neon 70', 'Mexico', 1995),
  (71, 'Paper Horizon 71', 'USA', 1974),
  (72, 'Velvet Signal 72', 'Brazil', 1991),
  (73, 'Prism Echo 73', 'Brazil', 2009),
  (74, 'Marble Static 74', 'USA', 1973),
  (75, 'Neon Fable 75', 'USA', 2004),
  (76, 'Nova Indigo 76', 'Brazil', 2010),
  (77, 'Atlas Signal 77', 'Italy', 1972),
  (78, 'Signal Signal 78', 'Canada', 1978),
  (79, 'Atlas Paper 79', 'Mexico', 2013),
  (80, 'Orbit Horizon 80', 'Italy', 2002),
  (81, 'Paper Neon 81', 'France', 2002),
  (82, 'Nova Crimson 82', 'Italy', 1966),
  (83, 'Fable Horizon 83', 'Mexico', 1980),
  (84, 'Golden Neon 84', 'Italy', 1975),
  (85, 'Signal Echo 85', 'Mexico', 1989),
  (86, 'Quartz Crimson 86', 'Italy', 1987),
  (87, 'Static Nova 87', 'Italy', 1983),
  (88, 'Signal Horizon 88', 'UK', 1994),
  (89, 'Golden Echo 89', 'Brazil', 1991),
  (90, 'Orbit Velvet 90', 'Italy', 1966),
  (91, 'Echo Echo 91', 'Italy', 2000),
  (92, 'Neon Static 92', 'Brazil', 1975),
  (93, 'Velvet Marble 93', 'Brazil', 2006),
  (94, 'Paper Marble 94', 'Brazil', 2002),
  (95, 'Neon Orbit 95', 'Australia', 1994),
  (96, 'Prism Paper 96', 'France', 1982),
  (97, 'Horizon Orbit 97', 'France', 1999),
  (98, 'Solar Static 98', 'Canada', 1998),
  (99, 'Signal Digital 99', 'Italy', 2004),
  (100, 'Golden Digital 100', 'Spain', 1972),
  (101, 'Digital Digital 101', 'UK', 1986),
  (102, 'Neon Static 102', 'Spain', 2004),
  (103, 'Orbit Marble 103', 'Canada', 2002),
  (104, 'Marble Mirror 104', 'France', 1988),
  (105, 'Paper Mirror 105', 'Australia', 1975),
  (106, 'Paper Paper 106', 'France', 2018),
  (107, 'Paper Crimson 107', 'Germany', 2009),
  (108, 'Echo Velvet 108', 'UK', 1996),
  (109, 'Golden Golden 109', 'USA', 2008),
  (110, 'Fable Static 110', 'France', 1982),
  (111, 'Orbit Neon 111', 'Italy', 2015),
  (112, 'Quartz Golden 112', 'Australia', 2009),
  (113, 'Echo Digital 113', 'Spain', 1975),
  (114, 'Signal Neon 114', 'France', 2015),
  (115, 'Velvet Crimson 115', 'UK', 2016),
  (116, 'Prism Horizon 116', 'Spain', 1996),
  (117, 'Signal Horizon 117', 'Spain', 2008),
  (118, 'Mirror Orbit 118', 'France', 2010),
  (119, 'Digital Nova 119', 'Australia', 1980),
  (120, 'Orbit Nova 120', 'Germany', 2012),
  (121, 'Neon Atlas 121', 'UK', 1991),
  (122, 'Orbit Fable 122', 'USA', 1990),
  (123, 'Atlas Crimson 123', 'Australia', 2004),
  (124, 'Static Mirror 124', 'Canada', 2007),
  (125, 'Echo Velvet 125', 'Australia', 2014),
  (126, 'Neon Paper 126', 'UK', 1973),
  (127, 'Digital Fable 127', 'UK', 1990),
  (128, 'Digital Solar 128', 'USA', 1969),
  (129, 'Crimson Marble 129', 'Australia', 1990),
  (130, 'Fable Orbit 130', 'Mexico', 1968),
  (131, 'Marble Paper 131', 'Australia', 2010),
  (132, 'Mirror Crimson 132', 'UK', 1989),
  (133, 'Orbit Neon 133', 'Italy', 2009),
  (134, 'Mirror Quartz 134', 'USA', 2011),
  (135, 'Digital Nova 135', 'Canada', 1995),
  (136, 'Golden Golden 136', 'Mexico', 1990),
  (137, 'Indigo Marble 137', 'Spain', 1992),
  (138, 'Mirror Horizon 138', 'Mexico', 1979),
  (139, 'Echo Fable 139', 'UK', 1974),
  (140, 'Indigo Quartz 140', 'Germany', 2001),
  (141, 'Paper Indigo 141', 'USA', 1997),
  (142, 'Paper Quartz 142', 'USA', 2015),
  (143, 'Indigo Fable 143', 'UK', 1969),
  (144, 'Mirror Horizon 144', 'Spain', 1995),
  (145, 'Velvet Orbit 145', 'France', 2010),
  (146, 'Solar Neon 146', 'USA', 1986),
  (147, 'Horizon Marble 147', 'Canada', 1966),
  (148, 'Marble Paper 148', 'USA', 2010),
  (149, 'Marble Nova 149', 'Italy', 2018),
  (150, 'Crimson Echo 150', 'Mexico', 1974),
  (151, 'Velvet Signal 151', 'Germany', 1979),
  (152, 'Indigo Digital 152', 'Italy', 2002),
  (153, 'Horizon Prism 153', 'Mexico', 1984),
  (154, 'Neon Indigo 154', 'Italy', 1985),
  (155, 'Golden Horizon 155', 'Brazil', 2018),
  (156, 'Digital Golden 156', 'USA', 2018),
  (157, 'Solar Velvet 157', 'UK', 1989),
  (158, 'Quartz Static 158', 'France', 1971),
  (159, 'Digital Nova 159', 'Mexico', 2003),
  (160, 'Horizon Paper 160', 'USA', 1974),
  (161, 'Indigo Static 161', 'Australia', 2006),
  (162, 'Horizon Prism 162', 'USA', 1971),
  (163, 'Paper Fable 163', 'Italy', 1990),
  (164, 'Static Fable 164', 'Brazil', 1998),
  (165, 'Prism Prism 165', 'Brazil', 1994),
  (166, 'Golden Echo 166', 'USA', 2001),
  (167, 'Horizon Digital 167', 'France', 1984),
  (168, 'Horizon Signal 168', 'Mexico', 2005),
  (169, 'Crimson Nova 169', 'France', 2014),
  (170, 'Neon Signal 170', 'Australia', 1995),
  (171, 'Static Neon 171', 'France', 1992),
  (172, 'Signal Static 172', 'USA', 2005),
  (173, 'Prism Golden 173', 'Spain', 2017),
  (174, 'Fable Quartz 174', 'Australia', 2001),
  (175, 'Echo Neon 175', 'Mexico', 1996),
  (176, 'Static Atlas 176', 'Australia', 1965),
  (177, 'Nova Fable 177', 'Italy', 1995),
  (178, 'Signal Signal 178', 'Mexico', 1984),
  (179, 'Fable Echo 179', 'UK', 2005),
  (180, 'Crimson Paper 180', 'Canada', 1967),
  (181, 'Signal Indigo 181', 'Italy', 1994),
  (182, 'Marble Prism 182', 'Mexico', 2013),
  (183, 'Indigo Crimson 183', 'Canada', 2009),
  (184, 'Nova Horizon 184', 'Spain', 1974),
  (185, 'Static Velvet 185', 'Mexico', 2008),
  (186, 'Paper Signal 186', 'Germany', 2012),
  (187, 'Echo Golden 187', 'Spain', 1965),
  (188, 'Golden Crimson 188', 'USA', 2016),
  (189, 'Indigo Paper 189', 'Italy', 1970),
  (190, 'Digital Neon 190', 'Spain', 2014),
  (191, 'Static Marble 191', 'France', 1980),
  (192, 'Horizon Paper 192', 'UK', 1977),
  (193, 'Atlas Golden 193', 'USA', 1990),
  (194, 'Marble Atlas 194', 'France', 1987),
  (195, 'Mirror Quartz 195', 'Italy', 1993),
  (196, 'Golden Golden 196', 'Brazil', 1965),
  (197, 'Quartz Indigo 197', 'UK', 1986),
  (198, 'Quartz Signal 198', 'Australia', 1981),
  (199, 'Quartz Marble 199', 'Mexico', 1991),
  (200, 'Orbit Mirror 200', 'UK', 1984);

INSERT INTO artists (artist_id, name, country, formed_year) VALUES
  (201, 'Prism Orbit 201', 'Italy', 1973),
  (202, 'Mirror Marble 202', 'France', 1966),
  (203, 'Solar Nova 203', 'Brazil', 2006),
  (204, 'Orbit Marble 204', 'Brazil', 2011),
  (205, 'Solar Fable 205', 'Canada', 1985),
  (206, 'Velvet Orbit 206', 'France', 1982),
  (207, 'Digital Neon 207', 'Australia', 1986),
  (208, 'Indigo Indigo 208', 'UK', 1984),
  (209, 'Horizon Golden 209', 'Canada', 2010),
  (210, 'Static Solar 210', 'Spain', 1991),
  (211, 'Signal Neon 211', 'Canada', 1996),
  (212, 'Neon Nova 212', 'UK', 2004),
  (213, 'Mirror Indigo 213', 'Italy', 2009),
  (214, 'Mirror Crimson 214', 'Germany', 1993),
  (215, 'Solar Indigo 215', 'USA', 1993),
  (216, 'Echo Marble 216', 'Germany', 1994),
  (217, 'Marble Quartz 217', 'France', 2011),
  (218, 'Marble Digital 218', 'Germany', 2000),
  (219, 'Quartz Nova 219', 'USA', 1989),
  (220, 'Fable Orbit 220', 'Italy', 2008),
  (221, 'Mirror Indigo 221', 'UK', 1998),
  (222, 'Indigo Quartz 222', 'Brazil', 2005),
  (223, 'Echo Velvet 223', 'Brazil', 1971),
  (224, 'Paper Horizon 224', 'Australia', 2013),
  (225, 'Static Digital 225', 'Spain', 1966),
  (226, 'Velvet Mirror 226', 'Spain', 2007),
  (227, 'Fable Neon 227', 'Canada', 2012),
  (228, 'Paper Mirror 228', 'Mexico', 2011),
  (229, 'Horizon Fable 229', 'France', 1982),
  (230, 'Horizon Golden 230', 'Germany', 2001),
  (231, 'Indigo Quartz 231', 'UK', 2013),
  (232, 'Orbit Digital 232', 'Spain', 2009),
  (233, 'Echo Golden 233', 'France', 1987),
  (234, 'Paper Prism 234', 'Brazil', 2000),
  (235, 'Marble Quartz 235', 'UK', 1965),
  (236, 'Echo Echo 236', 'Spain', 2017),
  (237, 'Fable Orbit 237', 'Mexico', 2016),
  (238, 'Quartz Marble 238', 'Spain', 1983),
  (239, 'Neon Mirror 239', 'UK', 1999),
  (240, 'Crimson Indigo 240', 'USA', 1969),
  (241, 'Orbit Static 241', 'Mexico', 2015),
  (242, 'Digital Nova 242', 'UK', 1986),
  (243, 'Paper Mirror 243', 'Brazil', 2011),
  (244, 'Echo Marble 244', 'Brazil', 1994),
  (245, 'Digital Signal 245', 'Brazil', 1987),
  (246, 'Digital Echo 246', 'Mexico', 1975),
  (247, 'Golden Indigo 247', 'Canada', 2010),
  (248, 'Static Quartz 248', 'France', 1998),
  (249, 'Indigo Quartz 249', 'Canada', 1988),
  (250, 'Orbit Atlas 250', 'Germany', 2000),
  (251, 'Horizon Orbit 251', 'France', 1994),
  (252, 'Crimson Neon 252', 'Mexico', 1980),
  (253, 'Static Crimson 253', 'Mexico', 1994),
  (254, 'Fable Solar 254', 'Mexico', 1987),
  (255, 'Fable Golden 255', 'France', 2010),
  (256, 'Echo Solar 256', 'Australia', 2002),
  (257, 'Golden Fable 257', 'UK', 1984),
  (258, 'Prism Digital 258', 'Germany', 2011),
  (259, 'Signal Paper 259', 'Germany', 1988),
  (260, 'Echo Digital 260', 'Canada', 1981),
  (261, 'Fable Neon 261', 'UK', 1977),
  (262, 'Nova Quartz 262', 'Germany', 1979),
  (263, 'Paper Crimson 263', 'Australia', 1974),
  (264, 'Quartz Solar 264', 'UK', 1967),
  (265, 'Marble Paper 265', 'UK', 1988),
  (266, 'Quartz Crimson 266', 'Germany', 2013),
  (267, 'Crimson Orbit 267', 'Australia', 1985),
  (268, 'Paper Paper 268', 'Germany', 1999),
  (269, 'Static Indigo 269', 'Canada', 2016),
  (270, 'Static Mirror 270', 'Australia', 1994),
  (271, 'Fable Mirror 271', 'Italy', 1976),
  (272, 'Horizon Crimson 272', 'Australia', 2016),
  (273, 'Quartz Nova 273', 'Germany', 2011),
  (274, 'Neon Paper 274', 'Italy', 1991),
  (275, 'Indigo Mirror 275', 'UK', 1974),
  (276, 'Indigo Digital 276', 'UK', 1970),
  (277, 'Indigo Static 277', 'Australia', 1984),
  (278, 'Solar Indigo 278', 'UK', 1986),
  (279, 'Nova Marble 279', 'Germany', 2018),
  (280, 'Solar Indigo 280', 'Canada', 2015),
  (281, 'Echo Neon 281', 'Spain', 2016),
  (282, 'Marble Digital 282', 'Germany', 2014),
  (283, 'Golden Solar 283', 'UK', 1971),
  (284, 'Echo Marble 284', 'Italy', 2014),
  (285, 'Fable Echo 285', 'USA', 1994),
  (286, 'Echo Nova 286', 'Mexico', 2012),
  (287, 'Mirror Solar 287', 'France', 1983),
  (288, 'Velvet Quartz 288', 'Brazil', 2003),
  (289, 'Prism Horizon 289', 'Mexico', 2015),
  (290, 'Mirror Mirror 290', 'Spain', 1986),
  (291, 'Solar Horizon 291', 'Canada', 1983),
  (292, 'Indigo Nova 292', 'Spain', 1994),
  (293, 'Echo Horizon 293', 'Mexico', 1994),
  (294, 'Mirror Mirror 294', 'Italy', 2018),
  (295, 'Signal Indigo 295', 'Germany', 2016),
  (296, 'Static Nova 296', 'Mexico', 1973),
  (297, 'Digital Crimson 297', 'Spain', 2013),
  (298, 'Signal Prism 298', 'France', 2003),
  (299, 'Orbit Static 299', 'France', 1965),
  (300, 'Signal Neon 300', 'Australia', 1969),
  (301, 'Prism Atlas 301', 'USA', 1977),
  (302, 'Solar Neon 302', 'USA', 1965),
  (303, 'Static Quartz 303', 'Brazil', 2004),
  (304, 'Fable Echo 304', 'USA', 2007),
  (305, 'Nova Quartz 305', 'France', 1971),
  (306, 'Digital Velvet 306', 'UK', 1994),
  (307, 'Echo Solar 307', 'UK', 1984),
  (308, 'Velvet Digital 308', 'Spain', 1997),
  (309, 'Quartz Signal 309', 'Italy', 2014),
  (310, 'Nova Neon 310', 'Australia', 2008),
  (311, 'Echo Mirror 311', 'Australia', 1993),
  (312, 'Solar Horizon 312', 'Germany', 2015),
  (313, 'Nova Horizon 313', 'Canada', 1989),
  (314, 'Static Quartz 314', 'Canada', 1986),
  (315, 'Static Atlas 315', 'France', 1997),
  (316, 'Mirror Fable 316', 'Canada', 1999),
  (317, 'Static Mirror 317', 'Australia', 1997),
  (318, 'Velvet Velvet 318', 'Australia', 1976),
  (319, 'Indigo Static 319', 'Australia', 1972),
  (320, 'Horizon Orbit 320', 'Brazil', 1990),
  (321, 'Orbit Golden 321', 'Mexico', 1983),
  (322, 'Marble Golden 322', 'Mexico', 1966),
  (323, 'Neon Atlas 323', 'France', 1972),
  (324, 'Prism Digital 324', 'France', 1976),
  (325, 'Fable Fable 325', 'USA', 1995),
  (326, 'Orbit Paper 326', 'USA', 2018),
  (327, 'Indigo Mirror 327', 'Spain', 1985),
  (328, 'Indigo Orbit 328', 'Mexico', 1967),
  (329, 'Solar Marble 329', 'Australia', 1988),
  (330, 'Crimson Signal 330', 'Spain', 1992),
  (331, 'Prism Crimson 331', 'France', 1981),
  (332, 'Atlas Marble 332', 'USA', 2005),
  (333, 'Mirror Paper 333', 'Spain', 1993),
  (334, 'Crimson Nova 334', 'Germany', 1985),
  (335, 'Marble Prism 335', 'Mexico', 1986),
  (336, 'Signal Atlas 336', 'Mexico', 1985),
  (337, 'Nova Horizon 337', 'USA', 1971),
  (338, 'Quartz Static 338', 'USA', 1971),
  (339, 'Orbit Solar 339', 'Italy', 1968),
  (340, 'Echo Marble 340', 'USA', 1987),
  (341, 'Quartz Orbit 341', 'Spain', 2015),
  (342, 'Fable Echo 342', 'USA', 2013),
  (343, 'Signal Mirror 343', 'Spain', 2018),
  (344, 'Orbit Atlas 344', 'Brazil', 1998),
  (345, 'Horizon Prism 345', 'Germany', 1968),
  (346, 'Golden Horizon 346', 'UK', 1971),
  (347, 'Marble Velvet 347', 'Mexico', 2011),
  (348, 'Golden Indigo 348', 'France', 1991),
  (349, 'Signal Velvet 349', 'Canada', 2014),
  (350, 'Velvet Nova 350', 'Italy', 2017),
  (351, 'Orbit Horizon 351', 'Germany', 1998),
  (352, 'Crimson Golden 352', 'Spain', 2002),
  (353, 'Golden Signal 353', 'Mexico', 1974),
  (354, 'Quartz Nova 354', 'UK', 1966),
  (355, 'Mirror Mirror 355', 'Mexico', 1971),
  (356, 'Atlas Echo 356', 'UK', 1991),
  (357, 'Fable Crimson 357', 'UK', 2010),
  (358, 'Quartz Neon 358', 'Brazil', 1991),
  (359, 'Velvet Atlas 359', 'Italy', 1991),
  (360, 'Neon Solar 360', 'France', 1968),
  (361, 'Horizon Digital 361', 'USA', 2009),
  (362, 'Horizon Paper 362', 'Mexico', 1978),
  (363, 'Marble Nova 363', 'Australia', 2010),
  (364, 'Solar Prism 364', 'Spain', 2008),
  (365, 'Static Indigo 365', 'Mexico', 1987),
  (366, 'Echo Paper 366', 'France', 2001),
  (367, 'Solar Crimson 367', 'Germany', 2009),
  (368, 'Prism Golden 368', 'USA', 2016),
  (369, 'Orbit Horizon 369', 'Mexico', 2015),
  (370, 'Marble Orbit 370', 'USA', 1971),
  (371, 'Mirror Velvet 371', 'UK', 2018),
  (372, 'Atlas Paper 372', 'Mexico', 1979),
  (373, 'Prism Fable 373', 'Canada', 1998),
  (374, 'Static Static 374', 'Italy', 1970),
  (375, 'Horizon Orbit 375', 'USA', 1998),
  (376, 'Static Prism 376', 'Canada', 2009),
  (377, 'Digital Echo 377', 'Canada', 2013),
  (378, 'Digital Marble 378', 'UK', 1973),
  (379, 'Fable Fable 379', 'Australia', 1994),
  (380, 'Mirror Fable 380', 'UK', 1965),
  (381, 'Fable Atlas 381', 'Canada', 1967),
  (382, 'Paper Neon 382', 'Canada', 2003),
  (383, 'Neon Velvet 383', 'UK', 1983),
  (384, 'Orbit Horizon 384', 'Italy', 1993),
  (385, 'Solar Atlas 385', 'Germany', 2012),
  (386, 'Solar Golden 386', 'Mexico', 2002),
  (387, 'Digital Echo 387', 'UK', 2003),
  (388, 'Atlas Indigo 388', 'UK', 2008),
  (389, 'Crimson Golden 389', 'Mexico', 2011),
  (390, 'Prism Quartz 390', 'Australia', 1985),
  (391, 'Echo Prism 391', 'Canada', 1996),
  (392, 'Orbit Solar 392', 'Brazil', 2010),
  (393, 'Quartz Echo 393', 'Canada', 2010),
  (394, 'Neon Atlas 394', 'USA', 1972),
  (395, 'Echo Signal 395', 'Canada', 2013),
  (396, 'Echo Solar 396', 'Canada', 1969),
  (397, 'Mirror Velvet 397', 'Brazil', 2014),
  (398, 'Velvet Solar 398', 'Brazil', 1978),
  (399, 'Digital Solar 399', 'Mexico', 1966),
  (400, 'Velvet Mirror 400', 'UK', 2011);

INSERT INTO artists (artist_id, name, country, formed_year) VALUES
  (401, 'Quartz Fable 401', 'Brazil', 1969),
  (402, 'Golden Prism 402', 'USA', 2003),
  (403, 'Orbit Mirror 403', 'Germany', 1990),
  (404, 'Paper Nova 404', 'France', 1967),
  (405, 'Atlas Nova 405', 'Brazil', 1973),
  (406, 'Paper Orbit 406', 'Brazil', 2005),
  (407, 'Signal Indigo 407', 'Brazil', 1979),
  (408, 'Orbit Echo 408', 'Brazil', 1968),
  (409, 'Static Echo 409', 'Germany', 2018),
  (410, 'Nova Nova 410', 'USA', 1975),
  (411, 'Fable Paper 411', 'Brazil', 2005),
  (412, 'Prism Static 412', 'Brazil', 2007),
  (413, 'Prism Signal 413', 'UK', 1997),
  (414, 'Echo Echo 414', 'Italy', 2012),
  (415, 'Static Marble 415', 'UK', 1991),
  (416, 'Nova Mirror 416', 'Italy', 1978),
  (417, 'Neon Indigo 417', 'Australia', 1991),
  (418, 'Neon Velvet 418', 'USA', 1978),
  (419, 'Fable Static 419', 'France', 2003),
  (420, 'Horizon Prism 420', 'Brazil', 1989),
  (421, 'Golden Paper 421', 'France', 1974),
  (422, 'Mirror Paper 422', 'France', 1970),
  (423, 'Indigo Fable 423', 'USA', 2000),
  (424, 'Velvet Marble 424', 'Brazil', 1985),
  (425, 'Paper Digital 425', 'Germany', 2006),
  (426, 'Golden Marble 426', 'USA', 1997),
  (427, 'Velvet Horizon 427', 'Italy', 1989),
  (428, 'Quartz Echo 428', 'France', 1984),
  (429, 'Fable Golden 429', 'Brazil', 1971),
  (430, 'Velvet Mirror 430', 'France', 2016),
  (431, 'Mirror Atlas 431', 'Canada', 2007),
  (432, 'Velvet Velvet 432', 'Germany', 2006),
  (433, 'Marble Static 433', 'Germany', 1983),
  (434, 'Golden Nova 434', 'Brazil', 2011),
  (435, 'Echo Quartz 435', 'UK', 1986),
  (436, 'Indigo Signal 436', 'Canada', 1998),
  (437, 'Static Nova 437', 'Brazil', 1980),
  (438, 'Echo Solar 438', 'France', 1976),
  (439, 'Nova Neon 439', 'Spain', 1972),
  (440, 'Quartz Neon 440', 'Italy', 1979),
  (441, 'Prism Solar 441', 'Mexico', 1995),
  (442, 'Crimson Mirror 442', 'Mexico', 2005),
  (443, 'Golden Horizon 443', 'Brazil', 1965),
  (444, 'Velvet Nova 444', 'France', 2015),
  (445, 'Quartz Paper 445', 'Germany', 1975),
  (446, 'Horizon Horizon 446', 'Italy', 1983),
  (447, 'Solar Solar 447', 'Italy', 1968),
  (448, 'Atlas Neon 448', 'Australia', 1967),
  (449, 'Fable Fable 449', 'Spain', 2004),
  (450, 'Marble Static 450', 'USA', 1972),
  (451, 'Mirror Paper 451', 'Brazil', 1966),
  (452, 'Neon Paper 452', 'France', 2015),
  (453, 'Neon Velvet 453', 'Spain', 1966),
  (454, 'Atlas Velvet 454', 'Italy', 1997),
  (455, 'Solar Horizon 455', 'Brazil', 1978),
  (456, 'Static Quartz 456', 'Australia', 1965),
  (457, 'Orbit Neon 457', 'Australia', 2004),
  (458, 'Prism Fable 458', 'Australia', 2017),
  (459, 'Quartz Atlas 459', 'Canada', 1971),
  (460, 'Nova Neon 460', 'Mexico', 1982),
  (461, 'Velvet Velvet 461', 'Germany', 1994),
  (462, 'Solar Echo 462', 'UK', 2008),
  (463, 'Velvet Quartz 463', 'Australia', 1991),
  (464, 'Signal Indigo 464', 'Mexico', 2017),
  (465, 'Paper Mirror 465', 'Canada', 1969),
  (466, 'Digital Indigo 466', 'Australia', 1979),
  (467, 'Neon Golden 467', 'Spain', 1976),
  (468, 'Signal Mirror 468', 'Italy', 2010),
  (469, 'Paper Paper 469', 'Australia', 1996),
  (470, 'Orbit Signal 470', 'Canada', 2018),
  (471, 'Crimson Echo 471', 'Mexico', 2000),
  (472, 'Static Echo 472', 'Spain', 1986),
  (473, 'Prism Marble 473', 'Germany', 2014),
  (474, 'Orbit Signal 474', 'Italy', 2009),
  (475, 'Mirror Fable 475', 'France', 1975),
  (476, 'Signal Velvet 476', 'Mexico', 1968),
  (477, 'Atlas Indigo 477', 'Canada', 1978),
  (478, 'Prism Quartz 478', 'UK', 2006),
  (479, 'Quartz Crimson 479', 'Mexico', 1979),
  (480, 'Crimson Crimson 480', 'Brazil', 2003),
  (481, 'Static Quartz 481', 'Italy', 2010),
  (482, 'Velvet Quartz 482', 'Spain', 1980),
  (483, 'Fable Prism 483', 'Mexico', 1998),
  (484, 'Signal Atlas 484', 'Germany', 1987),
  (485, 'Quartz Horizon 485', 'Italy', 1998),
  (486, 'Crimson Golden 486', 'USA', 2015),
  (487, 'Horizon Golden 487', 'Italy', 1969),
  (488, 'Horizon Digital 488', 'Spain', 1967),
  (489, 'Mirror Crimson 489', 'UK', 1965),
  (490, 'Horizon Paper 490', 'Spain', 2008),
  (491, 'Static Golden 491', 'UK', 1969),
  (492, 'Marble Indigo 492', 'Germany', 1972),
  (493, 'Fable Golden 493', 'Brazil', 1992),
  (494, 'Orbit Atlas 494', 'Mexico', 1978),
  (495, 'Crimson Digital 495', 'Brazil', 2003),
  (496, 'Marble Static 496', 'USA', 2005),
  (497, 'Neon Solar 497', 'France', 1985),
  (498, 'Mirror Quartz 498', 'Spain', 2004),
  (499, 'Velvet Digital 499', 'France', 2002),
  (500, 'Golden Neon 500', 'Brazil', 1973),
  (501, 'Signal Marble 501', 'Mexico', 2011),
  (502, 'Orbit Solar 502', 'Germany', 1968),
  (503, 'Quartz Atlas 503', 'Italy', 2001),
  (504, 'Marble Horizon 504', 'Mexico', 2018),
  (505, 'Mirror Solar 505', 'USA', 2010),
  (506, 'Paper Horizon 506', 'USA', 2011),
  (507, 'Signal Orbit 507', 'USA', 1968),
  (508, 'Mirror Crimson 508', 'France', 1995),
  (509, 'Echo Golden 509', 'Canada', 1993),
  (510, 'Golden Digital 510', 'Canada', 1972),
  (511, 'Horizon Nova 511', 'USA', 2009),
  (512, 'Golden Mirror 512', 'UK', 1986),
  (513, 'Indigo Nova 513', 'USA', 2006),
  (514, 'Static Fable 514', 'UK', 2013),
  (515, 'Golden Crimson 515', 'UK', 2013),
  (516, 'Atlas Nova 516', 'Brazil', 1966),
  (517, 'Solar Crimson 517', 'France', 1973),
  (518, 'Prism Crimson 518', 'Brazil', 1987),
  (519, 'Digital Velvet 519', 'France', 1987),
  (520, 'Quartz Atlas 520', 'UK', 1970),
  (521, 'Velvet Static 521', 'Germany', 1965),
  (522, 'Neon Mirror 522', 'Spain', 1983),
  (523, 'Quartz Marble 523', 'Mexico', 2011),
  (524, 'Quartz Fable 524', 'Germany', 1997),
  (525, 'Solar Signal 525', 'USA', 1973),
  (526, 'Indigo Atlas 526', 'Italy', 2008),
  (527, 'Neon Indigo 527', 'Mexico', 2015),
  (528, 'Digital Atlas 528', 'UK', 2007),
  (529, 'Static Static 529', 'Brazil', 2004),
  (530, 'Mirror Digital 530', 'Germany', 1997),
  (531, 'Solar Crimson 531', 'Mexico', 1994),
  (532, 'Nova Orbit 532', 'Spain', 2004),
  (533, 'Quartz Digital 533', 'Spain', 1987),
  (534, 'Paper Paper 534', 'Brazil', 2002),
  (535, 'Prism Crimson 535', 'Mexico', 2013),
  (536, 'Golden Signal 536', 'UK', 1970),
  (537, 'Atlas Signal 537', 'France', 1980),
  (538, 'Neon Echo 538', 'Brazil', 2015),
  (539, 'Crimson Solar 539', 'Canada', 1990),
  (540, 'Static Solar 540', 'Mexico', 1983),
  (541, 'Paper Fable 541', 'USA', 1986),
  (542, 'Nova Digital 542', 'Spain', 2007),
  (543, 'Mirror Velvet 543', 'Italy', 1975),
  (544, 'Echo Neon 544', 'Australia', 1974),
  (545, 'Quartz Golden 545', 'Italy', 1984),
  (546, 'Orbit Paper 546', 'Italy', 1992),
  (547, 'Horizon Fable 547', 'Germany', 1970),
  (548, 'Indigo Echo 548', 'Mexico', 2014),
  (549, 'Golden Quartz 549', 'USA', 1989),
  (550, 'Neon Prism 550', 'Germany', 1977),
  (551, 'Echo Nova 551', 'Canada', 1967),
  (552, 'Indigo Marble 552', 'Australia', 2014),
  (553, 'Digital Static 553', 'France', 2007),
  (554, 'Horizon Signal 554', 'Italy', 2017),
  (555, 'Indigo Static 555', 'Australia', 1977),
  (556, 'Solar Velvet 556', 'Australia', 1999),
  (557, 'Signal Echo 557', 'Italy', 1978),
  (558, 'Quartz Crimson 558', 'Germany', 1989),
  (559, 'Paper Crimson 559', 'USA', 2003),
  (560, 'Horizon Velvet 560', 'Brazil', 1966),
  (561, 'Mirror Neon 561', 'Australia', 1986),
  (562, 'Atlas Velvet 562', 'Australia', 2018),
  (563, 'Marble Nova 563', 'Australia', 1978),
  (564, 'Fable Crimson 564', 'USA', 2005),
  (565, 'Velvet Fable 565', 'Canada', 2007),
  (566, 'Orbit Fable 566', 'Canada', 1993),
  (567, 'Velvet Neon 567', 'Germany', 1984),
  (568, 'Velvet Digital 568', 'UK', 1974),
  (569, 'Nova Indigo 569', 'USA', 2007),
  (570, 'Static Marble 570', 'France', 1996),
  (571, 'Neon Crimson 571', 'Germany', 2005),
  (572, 'Digital Echo 572', 'UK', 1979),
  (573, 'Nova Signal 573', 'Italy', 1977),
  (574, 'Orbit Paper 574', 'UK', 2009),
  (575, 'Velvet Orbit 575', 'Italy', 1970),
  (576, 'Quartz Signal 576', 'Mexico', 1995),
  (577, 'Crimson Orbit 577', 'Mexico', 2013),
  (578, 'Mirror Horizon 578', 'USA', 2013),
  (579, 'Echo Digital 579', 'USA', 1974),
  (580, 'Paper Paper 580', 'Australia', 1988),
  (581, 'Horizon Marble 581', 'Mexico', 1996),
  (582, 'Velvet Crimson 582', 'France', 1990),
  (583, 'Digital Neon 583', 'Spain', 1989),
  (584, 'Neon Mirror 584', 'Mexico', 1975),
  (585, 'Orbit Static 585', 'Brazil', 1981),
  (586, 'Paper Neon 586', 'Canada', 1989),
  (587, 'Prism Horizon 587', 'Australia', 2008),
  (588, 'Paper Orbit 588', 'Germany', 2014),
  (589, 'Mirror Quartz 589', 'USA', 1991),
  (590, 'Atlas Signal 590', 'Canada', 2018),
  (591, 'Nova Paper 591', 'France', 2013),
  (592, 'Solar Indigo 592', 'Germany', 1987),
  (593, 'Atlas Fable 593', 'Spain', 1993),
  (594, 'Neon Indigo 594', 'Italy', 1994),
  (595, 'Prism Echo 595', 'France', 1974),
  (596, 'Atlas Atlas 596', 'Brazil', 2016),
  (597, 'Neon Velvet 597', 'France', 1988),
  (598, 'Crimson Signal 598', 'UK', 2013),
  (599, 'Static Neon 599', 'Italy', 2003),
  (600, 'Digital Neon 600', 'USA', 1999);

INSERT INTO artists (artist_id, name, country, formed_year) VALUES
  (601, 'Mirror Golden 601', 'Canada', 1989),
  (602, 'Velvet Crimson 602', 'UK', 1986),
  (603, 'Echo Golden 603', 'USA', 2013),
  (604, 'Neon Paper 604', 'Canada', 1997),
  (605, 'Digital Fable 605', 'Australia', 1976),
  (606, 'Nova Velvet 606', 'UK', 2000),
  (607, 'Neon Fable 607', 'Mexico', 2004),
  (608, 'Nova Atlas 608', 'France', 2004),
  (609, 'Golden Atlas 609', 'Mexico', 1972),
  (610, 'Prism Horizon 610', 'Spain', 1971),
  (611, 'Velvet Golden 611', 'Italy', 1971),
  (612, 'Solar Horizon 612', 'Germany', 1985),
  (613, 'Fable Indigo 613', 'Spain', 2002),
  (614, 'Quartz Solar 614', 'UK', 2011),
  (615, 'Static Mirror 615', 'Mexico', 2012),
  (616, 'Mirror Paper 616', 'Brazil', 2005),
  (617, 'Quartz Atlas 617', 'Australia', 2007),
  (618, 'Paper Marble 618', 'USA', 1995),
  (619, 'Prism Mirror 619', 'Italy', 2016),
  (620, 'Fable Signal 620', 'USA', 1983),
  (621, 'Marble Static 621', 'USA', 1970),
  (622, 'Atlas Horizon 622', 'Australia', 1978),
  (623, 'Echo Paper 623', 'Germany', 2018),
  (624, 'Golden Orbit 624', 'Mexico', 1978),
  (625, 'Crimson Static 625', 'France', 1993),
  (626, 'Marble Indigo 626', 'Australia', 2006),
  (627, 'Neon Atlas 627', 'Australia', 1966),
  (628, 'Neon Crimson 628', 'Spain', 1970),
  (629, 'Indigo Signal 629', 'Mexico', 1994),
  (630, 'Signal Atlas 630', 'Italy', 1996),
  (631, 'Prism Neon 631', 'UK', 1998),
  (632, 'Mirror Nova 632', 'USA', 1975),
  (633, 'Crimson Marble 633', 'Mexico', 1979),
  (634, 'Fable Golden 634', 'UK', 1966),
  (635, 'Marble Echo 635', 'France', 1972),
  (636, 'Digital Digital 636', 'Australia', 2011),
  (637, 'Nova Digital 637', 'Germany', 2003),
  (638, 'Quartz Nova 638', 'Mexico', 1974),
  (639, 'Nova Quartz 639', 'Germany', 1993),
  (640, 'Echo Neon 640', 'Italy', 1999),
  (641, 'Marble Horizon 641', 'USA', 1987),
  (642, 'Horizon Atlas 642', 'Spain', 2012),
  (643, 'Digital Digital 643', 'Brazil', 1999),
  (644, 'Crimson Signal 644', 'Germany', 1966),
  (645, 'Velvet Echo 645', 'Brazil', 1995),
  (646, 'Echo Echo 646', 'Canada', 1993),
  (647, 'Prism Neon 647', 'Italy', 1979),
  (648, 'Velvet Indigo 648', 'USA', 1997),
  (649, 'Crimson Quartz 649', 'France', 1976),
  (650, 'Golden Horizon 650', 'USA', 2010),
  (651, 'Nova Mirror 651', 'Australia', 1993),
  (652, 'Crimson Nova 652', 'France', 2010),
  (653, 'Static Fable 653', 'Spain', 2003),
  (654, 'Quartz Prism 654', 'UK', 2004),
  (655, 'Velvet Atlas 655', 'UK', 1965),
  (656, 'Paper Echo 656', 'Mexico', 1988),
  (657, 'Fable Orbit 657', 'France', 2012),
  (658, 'Crimson Horizon 658', 'Spain', 1997),
  (659, 'Indigo Mirror 659', 'Mexico', 1975),
  (660, 'Indigo Paper 660', 'USA', 1988),
  (661, 'Horizon Digital 661', 'Australia', 1976),
  (662, 'Solar Golden 662', 'Italy', 2008),
  (663, 'Neon Orbit 663', 'Australia', 1975),
  (664, 'Velvet Golden 664', 'Australia', 2016),
  (665, 'Nova Neon 665', 'Italy', 1983),
  (666, 'Signal Static 666', 'UK', 2006),
  (667, 'Solar Crimson 667', 'France', 2018),
  (668, 'Mirror Orbit 668', 'Spain', 1978),
  (669, 'Signal Mirror 669', 'Canada', 1974),
  (670, 'Echo Signal 670', 'Brazil', 1971),
  (671, 'Solar Marble 671', 'Canada', 1979),
  (672, 'Prism Solar 672', 'USA', 2003),
  (673, 'Signal Digital 673', 'Australia', 1985),
  (674, 'Prism Atlas 674', 'Mexico', 2016),
  (675, 'Indigo Velvet 675', 'Italy', 1997),
  (676, 'Marble Static 676', 'France', 1992),
  (677, 'Nova Digital 677', 'Italy', 1989),
  (678, 'Digital Quartz 678', 'Brazil', 2011),
  (679, 'Indigo Orbit 679', 'Germany', 1985),
  (680, 'Quartz Echo 680', 'Canada', 1975),
  (681, 'Crimson Mirror 681', 'Brazil', 2018),
  (682, 'Atlas Fable 682', 'Germany', 2018),
  (683, 'Indigo Prism 683', 'Australia', 2003),
  (684, 'Quartz Digital 684', 'Brazil', 2011),
  (685, 'Signal Digital 685', 'USA', 2003),
  (686, 'Quartz Signal 686', 'Mexico', 1975),
  (687, 'Nova Nova 687', 'Australia', 1981),
  (688, 'Crimson Neon 688', 'Australia', 1978),
  (689, 'Mirror Signal 689', 'Canada', 2012),
  (690, 'Prism Horizon 690', 'UK', 1967),
  (691, 'Paper Paper 691', 'Canada', 2007),
  (692, 'Neon Mirror 692', 'France', 1971),
  (693, 'Horizon Neon 693', 'France', 2017),
  (694, 'Nova Solar 694', 'Spain', 1990),
  (695, 'Fable Mirror 695', 'Mexico', 1985),
  (696, 'Solar Indigo 696', 'Italy', 1991),
  (697, 'Digital Marble 697', 'Germany', 2007),
  (698, 'Mirror Digital 698', 'Brazil', 1977),
  (699, 'Signal Static 699', 'Canada', 1965),
  (700, 'Velvet Neon 700', 'Italy', 2018),
  (701, 'Paper Prism 701', 'Italy', 1998),
  (702, 'Quartz Digital 702', 'Germany', 1996),
  (703, 'Marble Mirror 703', 'France', 1966),
  (704, 'Paper Digital 704', 'USA', 1969),
  (705, 'Static Orbit 705', 'Spain', 2010),
  (706, 'Static Mirror 706', 'Mexico', 2018),
  (707, 'Solar Indigo 707', 'Germany', 1973),
  (708, 'Digital Horizon 708', 'Brazil', 2014),
  (709, 'Neon Paper 709', 'Spain', 1991),
  (710, 'Horizon Prism 710', 'USA', 1999),
  (711, 'Orbit Solar 711', 'USA', 1998),
  (712, 'Orbit Crimson 712', 'Mexico', 1995),
  (713, 'Signal Nova 713', 'USA', 2018),
  (714, 'Atlas Echo 714', 'Italy', 1968),
  (715, 'Digital Atlas 715', 'Australia', 1986),
  (716, 'Signal Signal 716', 'Australia', 2002),
  (717, 'Paper Digital 717', 'Australia', 2004),
  (718, 'Velvet Fable 718', 'UK', 1994),
  (719, 'Horizon Velvet 719', 'Brazil', 1967),
  (720, 'Indigo Atlas 720', 'Australia', 1976),
  (721, 'Digital Mirror 721', 'Italy', 2012),
  (722, 'Nova Fable 722', 'UK', 1970),
  (723, 'Prism Orbit 723', 'Spain', 1984),
  (724, 'Marble Signal 724', 'Italy', 1987),
  (725, 'Solar Fable 725', 'France', 1972),
  (726, 'Horizon Indigo 726', 'Spain', 1970),
  (727, 'Prism Crimson 727', 'Italy', 1984),
  (728, 'Solar Solar 728', 'Brazil', 1982),
  (729, 'Echo Golden 729', 'Spain', 1986),
  (730, 'Marble Orbit 730', 'Spain', 1992),
  (731, 'Neon Horizon 731', 'Canada', 2015),
  (732, 'Signal Digital 732', 'Brazil', 1978),
  (733, 'Marble Echo 733', 'USA', 2018),
  (734, 'Solar Static 734', 'Australia', 1978),
  (735, 'Indigo Digital 735', 'Italy', 2017),
  (736, 'Horizon Mirror 736', 'Italy', 1985),
  (737, 'Echo Golden 737', 'Canada', 1989),
  (738, 'Atlas Orbit 738', 'France', 1999),
  (739, 'Solar Mirror 739', 'Spain', 2008),
  (740, 'Nova Mirror 740', 'Canada', 1977),
  (741, 'Solar Static 741', 'Australia', 2009),
  (742, 'Quartz Indigo 742', 'Spain', 2000),
  (743, 'Static Atlas 743', 'Australia', 2017),
  (744, 'Indigo Neon 744', 'Spain', 2014),
  (745, 'Orbit Neon 745', 'Canada', 2003),
  (746, 'Horizon Signal 746', 'Germany', 2011),
  (747, 'Paper Crimson 747', 'Italy', 1991),
  (748, 'Signal Nova 748', 'Australia', 2006),
  (749, 'Velvet Orbit 749', 'Canada', 2002),
  (750, 'Atlas Horizon 750', 'France', 2004),
  (751, 'Prism Paper 751', 'UK', 1994),
  (752, 'Velvet Atlas 752', 'Brazil', 2014),
  (753, 'Horizon Digital 753', 'USA', 2018),
  (754, 'Horizon Marble 754', 'Spain', 1989),
  (755, 'Echo Marble 755', 'Germany', 1998),
  (756, 'Crimson Neon 756', 'Mexico', 2018),
  (757, 'Indigo Paper 757', 'Canada', 1968),
  (758, 'Indigo Indigo 758', 'UK', 1993),
  (759, 'Golden Atlas 759', 'Brazil', 1992),
  (760, 'Orbit Static 760', 'Canada', 1991),
  (761, 'Paper Prism 761', 'UK', 1987),
  (762, 'Static Fable 762', 'Mexico', 1984),
  (763, 'Digital Static 763', 'USA', 2013),
  (764, 'Velvet Echo 764', 'USA', 1966),
  (765, 'Digital Indigo 765', 'UK', 2013),
  (766, 'Solar Golden 766', 'USA', 2016),
  (767, 'Atlas Neon 767', 'Mexico', 2003),
  (768, 'Orbit Horizon 768', 'Australia', 1970),
  (769, 'Digital Neon 769', 'Brazil', 2007),
  (770, 'Static Echo 770', 'Mexico', 1991),
  (771, 'Marble Prism 771', 'France', 2004),
  (772, 'Golden Velvet 772', 'Spain', 2011),
  (773, 'Neon Static 773', 'Brazil', 1995),
  (774, 'Nova Fable 774', 'Italy', 2012),
  (775, 'Atlas Fable 775', 'Brazil', 1994),
  (776, 'Digital Static 776', 'UK', 1984),
  (777, 'Nova Velvet 777', 'Spain', 2002),
  (778, 'Solar Prism 778', 'USA', 1972),
  (779, 'Mirror Orbit 779', 'Australia', 1984),
  (780, 'Echo Signal 780', 'Mexico', 1969),
  (781, 'Atlas Digital 781', 'Canada', 1970),
  (782, 'Digital Nova 782', 'Canada', 1970),
  (783, 'Golden Prism 783', 'Mexico', 2007),
  (784, 'Signal Signal 784', 'Australia', 1972),
  (785, 'Nova Echo 785', 'France', 1974),
  (786, 'Echo Golden 786', 'USA', 2011),
  (787, 'Neon Static 787', 'Brazil', 1998),
  (788, 'Velvet Fable 788', 'USA', 2013),
  (789, 'Echo Velvet 789', 'Spain', 2009),
  (790, 'Atlas Solar 790', 'Italy', 1967),
  (791, 'Velvet Golden 791', 'Canada', 1984),
  (792, 'Quartz Horizon 792', 'Germany', 1984),
  (793, 'Velvet Horizon 793', 'Brazil', 1985),
  (794, 'Mirror Prism 794', 'Germany', 2005),
  (795, 'Nova Paper 795', 'France', 2007),
  (796, 'Signal Quartz 796', 'Brazil', 1976),
  (797, 'Prism Static 797', 'Italy', 1995),
  (798, 'Crimson Solar 798', 'Mexico', 2009),
  (799, 'Static Atlas 799', 'Australia', 2011),
  (800, 'Horizon Atlas 800', 'UK', 1998);

INSERT INTO artists (artist_id, name, country, formed_year) VALUES
  (801, 'Paper Mirror 801', 'Canada', 1978),
  (802, 'Signal Static 802', 'Germany', 2015),
  (803, 'Marble Static 803', 'Canada', 1980),
  (804, 'Quartz Digital 804', 'USA', 1970),
  (805, 'Horizon Marble 805', 'Australia', 1972),
  (806, 'Neon Indigo 806', 'Germany', 1974),
  (807, 'Fable Neon 807', 'Italy', 1967),
  (808, 'Paper Atlas 808', 'Brazil', 2007),
  (809, 'Quartz Solar 809', 'Australia', 1971),
  (810, 'Velvet Quartz 810', 'Australia', 1989),
  (811, 'Prism Crimson 811', 'Australia', 1975),
  (812, 'Quartz Indigo 812', 'Mexico', 2003),
  (813, 'Solar Fable 813', 'UK', 1993),
  (814, 'Mirror Marble 814', 'Spain', 1980),
  (815, 'Echo Quartz 815', 'Germany', 1996),
  (816, 'Nova Static 816', 'Mexico', 1992),
  (817, 'Neon Orbit 817', 'Brazil', 2012),
  (818, 'Paper Indigo 818', 'France', 1967),
  (819, 'Static Signal 819', 'Brazil', 1978),
  (820, 'Crimson Paper 820', 'UK', 2010),
  (821, 'Atlas Atlas 821', 'UK', 2005),
  (822, 'Prism Echo 822', 'Mexico', 2012),
  (823, 'Static Orbit 823', 'Germany', 2011),
  (824, 'Fable Fable 824', 'Australia', 1996),
  (825, 'Golden Paper 825', 'Italy', 2007),
  (826, 'Static Paper 826', 'Australia', 1997),
  (827, 'Golden Mirror 827', 'UK', 2012),
  (828, 'Neon Velvet 828', 'Italy', 1992),
  (829, 'Paper Prism 829', 'Spain', 1995),
  (830, 'Quartz Nova 830', 'USA', 1966),
  (831, 'Marble Solar 831', 'Canada', 1986),
  (832, 'Velvet Mirror 832', 'Mexico', 1976),
  (833, 'Paper Velvet 833', 'UK', 1995),
  (834, 'Echo Velvet 834', 'Canada', 2012),
  (835, 'Prism Signal 835', 'USA', 1974),
  (836, 'Static Horizon 836', 'Germany', 1993),
  (837, 'Orbit Crimson 837', 'Australia', 1965),
  (838, 'Velvet Horizon 838', 'UK', 2016),
  (839, 'Prism Neon 839', 'Canada', 2004),
  (840, 'Marble Velvet 840', 'UK', 1978),
  (841, 'Neon Atlas 841', 'France', 1965),
  (842, 'Signal Crimson 842', 'UK', 1974),
  (843, 'Signal Nova 843', 'Australia', 2002),
  (844, 'Crimson Fable 844', 'UK', 2016),
  (845, 'Prism Quartz 845', 'Australia', 1984),
  (846, 'Horizon Crimson 846', 'Italy', 2011),
  (847, 'Mirror Atlas 847', 'Spain', 2003),
  (848, 'Digital Golden 848', 'France', 1980),
  (849, 'Neon Prism 849', 'Canada', 2004),
  (850, 'Horizon Fable 850', 'USA', 1983),
  (851, 'Digital Mirror 851', 'UK', 1985),
  (852, 'Neon Velvet 852', 'USA', 1973),
  (853, 'Orbit Indigo 853', 'Canada', 1994),
  (854, 'Fable Crimson 854', 'France', 2017),
  (855, 'Crimson Solar 855', 'Canada', 2000),
  (856, 'Signal Horizon 856', 'Australia', 1978),
  (857, 'Quartz Orbit 857', 'Italy', 2012),
  (858, 'Nova Crimson 858', 'UK', 2000),
  (859, 'Nova Velvet 859', 'Canada', 2011),
  (860, 'Fable Nova 860', 'UK', 1989),
  (861, 'Velvet Atlas 861', 'Canada', 1983),
  (862, 'Mirror Quartz 862', 'Canada', 2002),
  (863, 'Quartz Marble 863', 'Italy', 2018),
  (864, 'Nova Quartz 864', 'France', 1994),
  (865, 'Atlas Solar 865', 'Italy', 1978),
  (866, 'Static Paper 866', 'Australia', 1999),
  (867, 'Fable Mirror 867', 'USA', 1975),
  (868, 'Crimson Marble 868', 'Germany', 1977),
  (869, 'Golden Mirror 869', 'Canada', 2000),
  (870, 'Digital Indigo 870', 'Brazil', 1970),
  (871, 'Orbit Crimson 871', 'UK', 1999),
  (872, 'Velvet Quartz 872', 'Germany', 1969),
  (873, 'Atlas Marble 873', 'Germany', 1993),
  (874, 'Golden Static 874', 'Canada', 2000),
  (875, 'Neon Horizon 875', 'Canada', 1965),
  (876, 'Quartz Velvet 876', 'Germany', 1970),
  (877, 'Horizon Horizon 877', 'USA', 1985),
  (878, 'Velvet Horizon 878', 'Australia', 1967),
  (879, 'Neon Prism 879', 'Mexico', 1986),
  (880, 'Indigo Static 880', 'France', 1990),
  (881, 'Neon Nova 881', 'Spain', 1981),
  (882, 'Signal Fable 882', 'Italy', 1982),
  (883, 'Nova Solar 883', 'USA', 2018),
  (884, 'Echo Digital 884', 'Canada', 1995),
  (885, 'Crimson Golden 885', 'France', 2011),
  (886, 'Velvet Indigo 886', 'Mexico', 1999),
  (887, 'Horizon Static 887', 'Spain', 1998),
  (888, 'Crimson Velvet 888', 'Spain', 1981),
  (889, 'Static Marble 889', 'Italy', 1985),
  (890, 'Quartz Indigo 890', 'France', 1971),
  (891, 'Echo Orbit 891', 'France', 1996),
  (892, 'Atlas Velvet 892', 'Australia', 1995),
  (893, 'Golden Prism 893', 'Australia', 1996),
  (894, 'Quartz Solar 894', 'Australia', 1965),
  (895, 'Mirror Nova 895', 'UK', 2003),
  (896, 'Marble Neon 896', 'Canada', 1987),
  (897, 'Mirror Digital 897', 'Brazil', 1970),
  (898, 'Signal Fable 898', 'Canada', 1978),
  (899, 'Prism Nova 899', 'Brazil', 2017),
  (900, 'Paper Indigo 900', 'Canada', 1985),
  (901, 'Marble Velvet 901', 'Germany', 2001),
  (902, 'Horizon Neon 902', 'Germany', 2009),
  (903, 'Orbit Indigo 903', 'USA', 2010),
  (904, 'Mirror Crimson 904', 'USA', 1970),
  (905, 'Paper Velvet 905', 'Australia', 1995),
  (906, 'Horizon Crimson 906', 'France', 1984),
  (907, 'Golden Quartz 907', 'Australia', 1970),
  (908, 'Nova Atlas 908', 'Mexico', 1970),
  (909, 'Mirror Fable 909', 'Canada', 1968),
  (910, 'Golden Crimson 910', 'Mexico', 1991),
  (911, 'Solar Velvet 911', 'Italy', 1999),
  (912, 'Paper Marble 912', 'Italy', 1977),
  (913, 'Atlas Mirror 913', 'Spain', 2017),
  (914, 'Atlas Digital 914', 'Brazil', 1974),
  (915, 'Echo Nova 915', 'UK', 1987),
  (916, 'Atlas Mirror 916', 'UK', 2009),
  (917, 'Prism Neon 917', 'Australia', 1984),
  (918, 'Quartz Velvet 918', 'Brazil', 2018),
  (919, 'Mirror Digital 919', 'UK', 1996),
  (920, 'Indigo Velvet 920', 'France', 1981),
  (921, 'Digital Crimson 921', 'USA', 2017),
  (922, 'Marble Prism 922', 'France', 1986),
  (923, 'Fable Indigo 923', 'Brazil', 2012),
  (924, 'Marble Quartz 924', 'Canada', 1967),
  (925, 'Horizon Horizon 925', 'Mexico', 2008),
  (926, 'Horizon Golden 926', 'Italy', 1967),
  (927, 'Digital Mirror 927', 'Australia', 1989),
  (928, 'Horizon Golden 928', 'Brazil', 2012),
  (929, 'Signal Marble 929', 'Brazil', 1986),
  (930, 'Echo Quartz 930', 'UK', 1972),
  (931, 'Horizon Quartz 931', 'Spain', 1997),
  (932, 'Atlas Orbit 932', 'UK', 1988),
  (933, 'Horizon Atlas 933', 'Brazil', 1986),
  (934, 'Digital Digital 934', 'Australia', 1994),
  (935, 'Solar Digital 935', 'France', 1970),
  (936, 'Marble Orbit 936', 'USA', 2005),
  (937, 'Orbit Indigo 937', 'Mexico', 2002),
  (938, 'Neon Quartz 938', 'Canada', 1968),
  (939, 'Velvet Crimson 939', 'Brazil', 2016),
  (940, 'Paper Digital 940', 'Australia', 1966),
  (941, 'Neon Crimson 941', 'Canada', 1992),
  (942, 'Horizon Atlas 942', 'USA', 1991),
  (943, 'Golden Paper 943', 'Italy', 2013),
  (944, 'Prism Static 944', 'Italy', 1995),
  (945, 'Neon Crimson 945', 'Mexico', 1975),
  (946, 'Horizon Marble 946', 'USA', 1990),
  (947, 'Paper Paper 947', 'Spain', 1997),
  (948, 'Solar Quartz 948', 'USA', 2006),
  (949, 'Atlas Solar 949', 'Brazil', 1980),
  (950, 'Indigo Velvet 950', 'Canada', 1975),
  (951, 'Mirror Mirror 951', 'France', 2017),
  (952, 'Marble Signal 952', 'France', 2002),
  (953, 'Static Atlas 953', 'UK', 2010),
  (954, 'Neon Velvet 954', 'France', 1967),
  (955, 'Signal Indigo 955', 'Australia', 2014),
  (956, 'Fable Mirror 956', 'Canada', 1988),
  (957, 'Prism Mirror 957', 'Italy', 1995),
  (958, 'Digital Nova 958', 'Italy', 1988),
  (959, 'Nova Horizon 959', 'USA', 1987),
  (960, 'Crimson Marble 960', 'Spain', 1982),
  (961, 'Atlas Crimson 961', 'Germany', 1974),
  (962, 'Marble Orbit 962', 'France', 2007),
  (963, 'Mirror Velvet 963', 'Brazil', 1999),
  (964, 'Horizon Solar 964', 'Mexico', 1987),
  (965, 'Golden Signal 965', 'Mexico', 1985),
  (966, 'Static Static 966', 'Mexico', 2016),
  (967, 'Static Horizon 967', 'Brazil', 1975),
  (968, 'Paper Signal 968', 'Spain', 1987),
  (969, 'Indigo Horizon 969', 'Australia', 2004),
  (970, 'Paper Fable 970', 'France', 2000),
  (971, 'Marble Nova 971', 'Brazil', 1980),
  (972, 'Prism Marble 972', 'Brazil', 1968),
  (973, 'Golden Horizon 973', 'Italy', 1974),
  (974, 'Static Mirror 974', 'Canada', 1966),
  (975, 'Velvet Fable 975', 'USA', 1972),
  (976, 'Neon Static 976', 'Italy', 2003),
  (977, 'Indigo Marble 977', 'Canada', 2010),
  (978, 'Velvet Prism 978', 'USA', 2000),
  (979, 'Golden Mirror 979', 'France', 2014),
  (980, 'Quartz Digital 980', 'Australia', 2003),
  (981, 'Fable Paper 981', 'Canada', 1994),
  (982, 'Neon Echo 982', 'Italy', 2005),
  (983, 'Static Quartz 983', 'Mexico', 1989),
  (984, 'Quartz Signal 984', 'Germany', 2011),
  (985, 'Digital Nova 985', 'Germany', 1986),
  (986, 'Echo Marble 986', 'UK', 1974),
  (987, 'Nova Paper 987', 'Australia', 1977),
  (988, 'Fable Static 988', 'Germany', 1977),
  (989, 'Fable Static 989', 'Australia', 2005),
  (990, 'Static Solar 990', 'Brazil', 2012),
  (991, 'Nova Orbit 991', 'Spain', 1997),
  (992, 'Solar Golden 992', 'UK', 1993),
  (993, 'Nova Marble 993', 'Spain', 1991),
  (994, 'Golden Nova 994', 'UK', 2007),
  (995, 'Paper Golden 995', 'Spain', 1965),
  (996, 'Paper Prism 996', 'Australia', 2009),
  (997, 'Velvet Golden 997', 'Italy', 1978),
  (998, 'Quartz Digital 998', 'Mexico', 1981),
  (999, 'Marble Quartz 999', 'Germany', 1981),
  (1000, 'Digital Marble 1000', 'Australia', 1973);

INSERT INTO albums (album_id, title, artist_id, release_year, genre) VALUES
  (1, 'Album 1', 120, 2004, 'Folk'),
  (2, 'Album 2', 462, 1972, 'Folk'),
  (3, 'Album 3', 380, 2019, 'Metal'),
  (4, 'Album 4', 426, 2001, 'Hip-Hop'),
  (5, 'Album 5', 205, 2000, 'Hip-Hop'),
  (6, 'Album 6', 132, 2012, 'Indie'),
  (7, 'Album 7', 15, 2011, 'Metal'),
  (8, 'Album 8', 396, 1994, 'Electronic'),
  (9, 'Album 9', 186, 2010, 'Pop'),
  (10, 'Album 10', 26, 1984, 'Metal'),
  (11, 'Album 11', 827, 1975, 'Hip-Hop'),
  (12, 'Album 12', 706, 1994, 'Metal'),
  (13, 'Album 13', 556, 1991, 'Jazz'),
  (14, 'Album 14', 970, 1990, 'Jazz'),
  (15, 'Album 15', 388, 1989, 'Hip-Hop'),
  (16, 'Album 16', 145, 1972, 'Classical'),
  (17, 'Album 17', 157, 2017, 'Soul'),
  (18, 'Album 18', 786, 2005, 'Indie'),
  (19, 'Album 19', 388, 1981, 'Hip-Hop'),
  (20, 'Album 20', 645, 2022, 'Folk'),
  (21, 'Album 21', 752, 1971, 'Soul'),
  (22, 'Album 22', 133, 1999, 'Soul'),
  (23, 'Album 23', 622, 1986, 'Electronic'),
  (24, 'Album 24', 888, 1978, 'Hip-Hop'),
  (25, 'Album 25', 600, 2024, 'Indie'),
  (26, 'Album 26', 671, 2017, 'Jazz'),
  (27, 'Album 27', 627, 2020, 'Rock'),
  (28, 'Album 28', 60, 2012, 'Folk'),
  (29, 'Album 29', 2, 1971, 'Electronic'),
  (30, 'Album 30', 240, 2011, 'Metal'),
  (31, 'Album 31', 915, 2004, 'Pop'),
  (32, 'Album 32', 399, 2004, 'Electronic'),
  (33, 'Album 33', 684, 2012, 'Rock'),
  (34, 'Album 34', 255, 2010, 'Indie'),
  (35, 'Album 35', 800, 1971, 'Folk'),
  (36, 'Album 36', 287, 1986, 'Indie'),
  (37, 'Album 37', 220, 2023, 'Soul'),
  (38, 'Album 38', 723, 2013, 'Metal'),
  (39, 'Album 39', 240, 1972, 'Pop'),
  (40, 'Album 40', 652, 2012, 'Pop'),
  (41, 'Album 41', 280, 2001, 'Pop'),
  (42, 'Album 42', 397, 1983, 'Pop'),
  (43, 'Album 43', 319, 1971, 'Pop'),
  (44, 'Album 44', 892, 1988, 'Electronic'),
  (45, 'Album 45', 831, 2012, 'Jazz'),
  (46, 'Album 46', 707, 2024, 'Electronic'),
  (47, 'Album 47', 421, 1999, 'Pop'),
  (48, 'Album 48', 323, 2009, 'Electronic'),
  (49, 'Album 49', 643, 2000, 'Jazz'),
  (50, 'Album 50', 493, 2011, 'Hip-Hop'),
  (51, 'Album 51', 853, 1980, 'Pop'),
  (52, 'Album 52', 633, 1995, 'Hip-Hop'),
  (53, 'Album 53', 352, 1977, 'Jazz'),
  (54, 'Album 54', 132, 2016, 'Rock'),
  (55, 'Album 55', 604, 1985, 'Rock'),
  (56, 'Album 56', 544, 2020, 'Rock'),
  (57, 'Album 57', 743, 2011, 'Pop'),
  (58, 'Album 58', 144, 2012, 'Jazz'),
  (59, 'Album 59', 511, 1997, 'Electronic'),
  (60, 'Album 60', 582, 1987, 'Jazz'),
  (61, 'Album 61', 818, 2000, 'Electronic'),
  (62, 'Album 62', 322, 1971, 'Indie'),
  (63, 'Album 63', 129, 2003, 'Hip-Hop'),
  (64, 'Album 64', 124, 2019, 'Classical'),
  (65, 'Album 65', 722, 2007, 'Electronic'),
  (66, 'Album 66', 415, 2006, 'Folk'),
  (67, 'Album 67', 828, 1983, 'Pop'),
  (68, 'Album 68', 859, 2016, 'Indie'),
  (69, 'Album 69', 790, 1990, 'Classical'),
  (70, 'Album 70', 291, 2024, 'Folk'),
  (71, 'Album 71', 541, 2024, 'Indie'),
  (72, 'Album 72', 175, 1990, 'Soul'),
  (73, 'Album 73', 991, 2015, 'Electronic'),
  (74, 'Album 74', 127, 2010, 'Rock'),
  (75, 'Album 75', 758, 1990, 'Indie'),
  (76, 'Album 76', 534, 1984, 'Folk'),
  (77, 'Album 77', 863, 1977, 'Metal'),
  (78, 'Album 78', 375, 1983, 'Soul'),
  (79, 'Album 79', 195, 1986, 'Metal'),
  (80, 'Album 80', 13, 2010, 'Soul'),
  (81, 'Album 81', 977, 1987, 'Hip-Hop'),
  (82, 'Album 82', 561, 2002, 'Indie'),
  (83, 'Album 83', 127, 1999, 'Rock'),
  (84, 'Album 84', 738, 2007, 'Hip-Hop'),
  (85, 'Album 85', 805, 1998, 'Soul'),
  (86, 'Album 86', 407, 1987, 'Soul'),
  (87, 'Album 87', 281, 2002, 'Jazz'),
  (88, 'Album 88', 242, 1999, 'Rock'),
  (89, 'Album 89', 407, 2018, 'Rock'),
  (90, 'Album 90', 171, 2013, 'Jazz'),
  (91, 'Album 91', 795, 1992, 'Electronic'),
  (92, 'Album 92', 690, 1993, 'Classical'),
  (93, 'Album 93', 265, 1996, 'Hip-Hop'),
  (94, 'Album 94', 759, 1986, 'Soul'),
  (95, 'Album 95', 479, 1995, 'Pop'),
  (96, 'Album 96', 465, 2004, 'Metal'),
  (97, 'Album 97', 11, 1988, 'Classical'),
  (98, 'Album 98', 446, 2012, 'Folk'),
  (99, 'Album 99', 250, 1999, 'Soul'),
  (100, 'Album 100', 667, 2003, 'Hip-Hop'),
  (101, 'Album 101', 791, 1983, 'Electronic'),
  (102, 'Album 102', 702, 1980, 'Rock'),
  (103, 'Album 103', 915, 1992, 'Hip-Hop'),
  (104, 'Album 104', 284, 1996, 'Folk'),
  (105, 'Album 105', 681, 1975, 'Indie'),
  (106, 'Album 106', 270, 1997, 'Metal'),
  (107, 'Album 107', 707, 1984, 'Folk'),
  (108, 'Album 108', 861, 1986, 'Pop'),
  (109, 'Album 109', 660, 2015, 'Metal'),
  (110, 'Album 110', 386, 1973, 'Jazz'),
  (111, 'Album 111', 36, 2020, 'Hip-Hop'),
  (112, 'Album 112', 644, 1974, 'Electronic'),
  (113, 'Album 113', 465, 1980, 'Rock'),
  (114, 'Album 114', 370, 2005, 'Hip-Hop'),
  (115, 'Album 115', 105, 1981, 'Indie'),
  (116, 'Album 116', 918, 2005, 'Metal'),
  (117, 'Album 117', 545, 2018, 'Hip-Hop'),
  (118, 'Album 118', 379, 1994, 'Classical'),
  (119, 'Album 119', 657, 2022, 'Electronic'),
  (120, 'Album 120', 315, 2015, 'Hip-Hop'),
  (121, 'Album 121', 577, 2010, 'Pop'),
  (122, 'Album 122', 467, 2006, 'Pop'),
  (123, 'Album 123', 645, 1972, 'Folk'),
  (124, 'Album 124', 701, 2024, 'Pop'),
  (125, 'Album 125', 612, 1987, 'Soul'),
  (126, 'Album 126', 155, 2009, 'Hip-Hop'),
  (127, 'Album 127', 490, 1995, 'Jazz'),
  (128, 'Album 128', 546, 1976, 'Soul'),
  (129, 'Album 129', 13, 1986, 'Rock'),
  (130, 'Album 130', 635, 1995, 'Classical'),
  (131, 'Album 131', 482, 1995, 'Classical'),
  (132, 'Album 132', 34, 2019, 'Jazz'),
  (133, 'Album 133', 943, 1989, 'Rock'),
  (134, 'Album 134', 523, 1994, 'Hip-Hop'),
  (135, 'Album 135', 562, 1979, 'Indie'),
  (136, 'Album 136', 615, 1980, 'Metal'),
  (137, 'Album 137', 553, 1988, 'Rock'),
  (138, 'Album 138', 205, 2019, 'Rock'),
  (139, 'Album 139', 441, 2008, 'Folk'),
  (140, 'Album 140', 70, 1990, 'Jazz'),
  (141, 'Album 141', 741, 1998, 'Hip-Hop'),
  (142, 'Album 142', 744, 2023, 'Jazz'),
  (143, 'Album 143', 259, 1980, 'Soul'),
  (144, 'Album 144', 727, 1988, 'Hip-Hop'),
  (145, 'Album 145', 510, 1992, 'Jazz'),
  (146, 'Album 146', 484, 1996, 'Hip-Hop'),
  (147, 'Album 147', 231, 1978, 'Soul'),
  (148, 'Album 148', 37, 1977, 'Electronic'),
  (149, 'Album 149', 156, 2006, 'Soul'),
  (150, 'Album 150', 183, 1995, 'Metal'),
  (151, 'Album 151', 301, 2024, 'Soul'),
  (152, 'Album 152', 18, 1974, 'Rock'),
  (153, 'Album 153', 386, 1974, 'Pop'),
  (154, 'Album 154', 15, 2013, 'Hip-Hop'),
  (155, 'Album 155', 375, 1986, 'Hip-Hop'),
  (156, 'Album 156', 368, 1977, 'Rock'),
  (157, 'Album 157', 512, 2008, 'Jazz'),
  (158, 'Album 158', 533, 1991, 'Electronic'),
  (159, 'Album 159', 533, 2021, 'Jazz'),
  (160, 'Album 160', 92, 1998, 'Folk'),
  (161, 'Album 161', 400, 2017, 'Folk'),
  (162, 'Album 162', 522, 2012, 'Classical'),
  (163, 'Album 163', 52, 1974, 'Classical'),
  (164, 'Album 164', 517, 2010, 'Classical'),
  (165, 'Album 165', 160, 1971, 'Pop'),
  (166, 'Album 166', 248, 1987, 'Folk'),
  (167, 'Album 167', 772, 1990, 'Electronic'),
  (168, 'Album 168', 569, 2008, 'Metal'),
  (169, 'Album 169', 774, 2017, 'Metal'),
  (170, 'Album 170', 420, 1990, 'Classical'),
  (171, 'Album 171', 847, 1996, 'Folk'),
  (172, 'Album 172', 7, 1981, 'Classical'),
  (173, 'Album 173', 307, 1991, 'Folk'),
  (174, 'Album 174', 781, 1970, 'Pop'),
  (175, 'Album 175', 895, 1988, 'Indie'),
  (176, 'Album 176', 704, 2015, 'Electronic'),
  (177, 'Album 177', 287, 1988, 'Pop'),
  (178, 'Album 178', 432, 2007, 'Soul'),
  (179, 'Album 179', 252, 1999, 'Indie'),
  (180, 'Album 180', 183, 2010, 'Jazz'),
  (181, 'Album 181', 12, 1974, 'Rock'),
  (182, 'Album 182', 493, 1998, 'Metal'),
  (183, 'Album 183', 252, 2007, 'Folk'),
  (184, 'Album 184', 795, 2017, 'Classical'),
  (185, 'Album 185', 662, 1977, 'Pop'),
  (186, 'Album 186', 557, 1987, 'Folk'),
  (187, 'Album 187', 512, 1986, 'Indie'),
  (188, 'Album 188', 895, 1997, 'Pop'),
  (189, 'Album 189', 17, 2021, 'Folk'),
  (190, 'Album 190', 845, 2010, 'Electronic'),
  (191, 'Album 191', 640, 1973, 'Pop'),
  (192, 'Album 192', 280, 1984, 'Rock'),
  (193, 'Album 193', 877, 2012, 'Rock'),
  (194, 'Album 194', 74, 1977, 'Soul'),
  (195, 'Album 195', 8, 2003, 'Indie'),
  (196, 'Album 196', 10, 2013, 'Classical'),
  (197, 'Album 197', 110, 1979, 'Classical'),
  (198, 'Album 198', 421, 2021, 'Pop'),
  (199, 'Album 199', 158, 2013, 'Classical'),
  (200, 'Album 200', 143, 2005, 'Soul');

INSERT INTO albums (album_id, title, artist_id, release_year, genre) VALUES
  (201, 'Album 201', 143, 2018, 'Metal'),
  (202, 'Album 202', 235, 2007, 'Indie'),
  (203, 'Album 203', 870, 1990, 'Soul'),
  (204, 'Album 204', 534, 1992, 'Classical'),
  (205, 'Album 205', 800, 2010, 'Rock'),
  (206, 'Album 206', 689, 2008, 'Folk'),
  (207, 'Album 207', 181, 2000, 'Folk'),
  (208, 'Album 208', 778, 1980, 'Folk'),
  (209, 'Album 209', 520, 1988, 'Pop'),
  (210, 'Album 210', 722, 1979, 'Pop'),
  (211, 'Album 211', 722, 2013, 'Pop'),
  (212, 'Album 212', 262, 1970, 'Jazz'),
  (213, 'Album 213', 496, 1980, 'Hip-Hop'),
  (214, 'Album 214', 989, 2016, 'Electronic'),
  (215, 'Album 215', 691, 1998, 'Hip-Hop'),
  (216, 'Album 216', 819, 2020, 'Classical'),
  (217, 'Album 217', 921, 1979, 'Jazz'),
  (218, 'Album 218', 387, 1994, 'Pop'),
  (219, 'Album 219', 632, 2009, 'Classical'),
  (220, 'Album 220', 135, 1987, 'Jazz'),
  (221, 'Album 221', 390, 1980, 'Hip-Hop'),
  (222, 'Album 222', 185, 1975, 'Hip-Hop'),
  (223, 'Album 223', 343, 2004, 'Indie'),
  (224, 'Album 224', 367, 2008, 'Hip-Hop'),
  (225, 'Album 225', 314, 1989, 'Soul'),
  (226, 'Album 226', 682, 2022, 'Rock'),
  (227, 'Album 227', 374, 1990, 'Pop'),
  (228, 'Album 228', 283, 2001, 'Pop'),
  (229, 'Album 229', 418, 2001, 'Pop'),
  (230, 'Album 230', 96, 1982, 'Pop'),
  (231, 'Album 231', 675, 1971, 'Metal'),
  (232, 'Album 232', 96, 1974, 'Pop'),
  (233, 'Album 233', 932, 1973, 'Folk'),
  (234, 'Album 234', 588, 1982, 'Rock'),
  (235, 'Album 235', 588, 1978, 'Hip-Hop'),
  (236, 'Album 236', 88, 2021, 'Rock'),
  (237, 'Album 237', 704, 2003, 'Rock'),
  (238, 'Album 238', 842, 2007, 'Hip-Hop'),
  (239, 'Album 239', 633, 1995, 'Hip-Hop'),
  (240, 'Album 240', 568, 1979, 'Hip-Hop'),
  (241, 'Album 241', 994, 2019, 'Metal'),
  (242, 'Album 242', 85, 1971, 'Hip-Hop'),
  (243, 'Album 243', 59, 1975, 'Hip-Hop'),
  (244, 'Album 244', 467, 2022, 'Indie'),
  (245, 'Album 245', 719, 2020, 'Pop'),
  (246, 'Album 246', 297, 2003, 'Rock'),
  (247, 'Album 247', 385, 1973, 'Pop'),
  (248, 'Album 248', 263, 1990, 'Soul'),
  (249, 'Album 249', 98, 2006, 'Jazz'),
  (250, 'Album 250', 671, 2012, 'Hip-Hop'),
  (251, 'Album 251', 983, 2000, 'Metal'),
  (252, 'Album 252', 783, 2004, 'Rock'),
  (253, 'Album 253', 649, 1990, 'Folk'),
  (254, 'Album 254', 887, 2015, 'Folk'),
  (255, 'Album 255', 280, 1994, 'Electronic'),
  (256, 'Album 256', 112, 2002, 'Classical'),
  (257, 'Album 257', 103, 2002, 'Hip-Hop'),
  (258, 'Album 258', 992, 2009, 'Pop'),
  (259, 'Album 259', 693, 2020, 'Hip-Hop'),
  (260, 'Album 260', 678, 2003, 'Hip-Hop'),
  (261, 'Album 261', 169, 1999, 'Hip-Hop'),
  (262, 'Album 262', 42, 1993, 'Rock'),
  (263, 'Album 263', 662, 1980, 'Soul'),
  (264, 'Album 264', 922, 1970, 'Folk'),
  (265, 'Album 265', 936, 2007, 'Metal'),
  (266, 'Album 266', 350, 2006, 'Electronic'),
  (267, 'Album 267', 722, 1973, 'Folk'),
  (268, 'Album 268', 23, 2005, 'Indie'),
  (269, 'Album 269', 713, 2000, 'Hip-Hop'),
  (270, 'Album 270', 603, 1984, 'Hip-Hop'),
  (271, 'Album 271', 187, 2015, 'Electronic'),
  (272, 'Album 272', 130, 1982, 'Indie'),
  (273, 'Album 273', 415, 2002, 'Indie'),
  (274, 'Album 274', 172, 1986, 'Jazz'),
  (275, 'Album 275', 225, 2007, 'Classical'),
  (276, 'Album 276', 839, 2023, 'Electronic'),
  (277, 'Album 277', 245, 2017, 'Classical'),
  (278, 'Album 278', 342, 2010, 'Electronic'),
  (279, 'Album 279', 488, 2010, 'Pop'),
  (280, 'Album 280', 421, 1996, 'Folk'),
  (281, 'Album 281', 860, 1998, 'Indie'),
  (282, 'Album 282', 93, 2022, 'Indie'),
  (283, 'Album 283', 808, 2012, 'Jazz'),
  (284, 'Album 284', 442, 2002, 'Soul'),
  (285, 'Album 285', 590, 1984, 'Pop'),
  (286, 'Album 286', 6, 2012, 'Rock'),
  (287, 'Album 287', 828, 2002, 'Soul'),
  (288, 'Album 288', 574, 2003, 'Jazz'),
  (289, 'Album 289', 898, 1983, 'Classical'),
  (290, 'Album 290', 374, 1990, 'Indie'),
  (291, 'Album 291', 783, 2001, 'Electronic'),
  (292, 'Album 292', 815, 2013, 'Folk'),
  (293, 'Album 293', 447, 1993, 'Folk'),
  (294, 'Album 294', 984, 1976, 'Jazz'),
  (295, 'Album 295', 751, 1970, 'Metal'),
  (296, 'Album 296', 406, 1996, 'Folk'),
  (297, 'Album 297', 247, 2010, 'Classical'),
  (298, 'Album 298', 976, 1974, 'Jazz'),
  (299, 'Album 299', 716, 1971, 'Electronic'),
  (300, 'Album 300', 561, 2008, 'Folk'),
  (301, 'Album 301', 854, 2002, 'Jazz'),
  (302, 'Album 302', 509, 2013, 'Pop'),
  (303, 'Album 303', 478, 1989, 'Jazz'),
  (304, 'Album 304', 352, 1997, 'Metal'),
  (305, 'Album 305', 26, 2019, 'Electronic'),
  (306, 'Album 306', 205, 2014, 'Folk'),
  (307, 'Album 307', 939, 1971, 'Hip-Hop'),
  (308, 'Album 308', 156, 1981, 'Rock'),
  (309, 'Album 309', 170, 1994, 'Electronic'),
  (310, 'Album 310', 449, 2017, 'Classical'),
  (311, 'Album 311', 64, 2022, 'Metal'),
  (312, 'Album 312', 901, 1970, 'Metal'),
  (313, 'Album 313', 629, 1989, 'Electronic'),
  (314, 'Album 314', 714, 1978, 'Soul'),
  (315, 'Album 315', 634, 1975, 'Folk'),
  (316, 'Album 316', 870, 1981, 'Rock'),
  (317, 'Album 317', 769, 2003, 'Hip-Hop'),
  (318, 'Album 318', 211, 1983, 'Indie'),
  (319, 'Album 319', 78, 2007, 'Folk'),
  (320, 'Album 320', 403, 2001, 'Hip-Hop'),
  (321, 'Album 321', 354, 2018, 'Indie'),
  (322, 'Album 322', 476, 1989, 'Rock'),
  (323, 'Album 323', 406, 1970, 'Hip-Hop'),
  (324, 'Album 324', 850, 2021, 'Hip-Hop'),
  (325, 'Album 325', 825, 2004, 'Hip-Hop'),
  (326, 'Album 326', 610, 2006, 'Metal'),
  (327, 'Album 327', 851, 2010, 'Hip-Hop'),
  (328, 'Album 328', 721, 2014, 'Rock'),
  (329, 'Album 329', 738, 1995, 'Electronic'),
  (330, 'Album 330', 309, 1980, 'Indie'),
  (331, 'Album 331', 360, 1989, 'Hip-Hop'),
  (332, 'Album 332', 381, 1984, 'Classical'),
  (333, 'Album 333', 251, 1985, 'Pop'),
  (334, 'Album 334', 17, 1985, 'Soul'),
  (335, 'Album 335', 612, 2020, 'Rock'),
  (336, 'Album 336', 821, 1986, 'Metal'),
  (337, 'Album 337', 857, 1970, 'Jazz'),
  (338, 'Album 338', 189, 2019, 'Classical'),
  (339, 'Album 339', 37, 2017, 'Jazz'),
  (340, 'Album 340', 560, 1976, 'Rock'),
  (341, 'Album 341', 480, 1975, 'Pop'),
  (342, 'Album 342', 36, 1977, 'Classical'),
  (343, 'Album 343', 239, 2013, 'Soul'),
  (344, 'Album 344', 860, 2020, 'Hip-Hop'),
  (345, 'Album 345', 889, 1989, 'Soul'),
  (346, 'Album 346', 66, 2024, 'Pop'),
  (347, 'Album 347', 246, 1997, 'Indie'),
  (348, 'Album 348', 881, 1974, 'Metal'),
  (349, 'Album 349', 776, 1983, 'Electronic'),
  (350, 'Album 350', 598, 2000, 'Hip-Hop'),
  (351, 'Album 351', 838, 1996, 'Indie'),
  (352, 'Album 352', 281, 2009, 'Soul'),
  (353, 'Album 353', 870, 2011, 'Metal'),
  (354, 'Album 354', 347, 1977, 'Rock'),
  (355, 'Album 355', 65, 1983, 'Classical'),
  (356, 'Album 356', 575, 2008, 'Classical'),
  (357, 'Album 357', 742, 2021, 'Rock'),
  (358, 'Album 358', 221, 2005, 'Rock'),
  (359, 'Album 359', 9, 2012, 'Classical'),
  (360, 'Album 360', 490, 1988, 'Soul'),
  (361, 'Album 361', 83, 1984, 'Metal'),
  (362, 'Album 362', 986, 2018, 'Soul'),
  (363, 'Album 363', 681, 2018, 'Indie'),
  (364, 'Album 364', 93, 1990, 'Jazz'),
  (365, 'Album 365', 864, 2012, 'Folk'),
  (366, 'Album 366', 560, 1997, 'Rock'),
  (367, 'Album 367', 665, 1981, 'Pop'),
  (368, 'Album 368', 36, 2024, 'Electronic'),
  (369, 'Album 369', 991, 2020, 'Jazz'),
  (370, 'Album 370', 196, 2006, 'Electronic'),
  (371, 'Album 371', 607, 1999, 'Rock'),
  (372, 'Album 372', 900, 1973, 'Jazz'),
  (373, 'Album 373', 298, 1990, 'Indie'),
  (374, 'Album 374', 896, 2023, 'Indie'),
  (375, 'Album 375', 709, 2019, 'Soul'),
  (376, 'Album 376', 623, 2021, 'Pop'),
  (377, 'Album 377', 375, 1999, 'Metal'),
  (378, 'Album 378', 138, 1980, 'Electronic'),
  (379, 'Album 379', 222, 2006, 'Electronic'),
  (380, 'Album 380', 766, 1970, 'Hip-Hop'),
  (381, 'Album 381', 815, 1985, 'Pop'),
  (382, 'Album 382', 998, 2016, 'Indie'),
  (383, 'Album 383', 812, 1976, 'Rock'),
  (384, 'Album 384', 49, 1972, 'Hip-Hop'),
  (385, 'Album 385', 421, 1975, 'Soul'),
  (386, 'Album 386', 469, 1989, 'Hip-Hop'),
  (387, 'Album 387', 666, 1983, 'Classical'),
  (388, 'Album 388', 629, 2008, 'Soul'),
  (389, 'Album 389', 209, 2001, 'Metal'),
  (390, 'Album 390', 663, 1987, 'Folk'),
  (391, 'Album 391', 434, 2020, 'Indie'),
  (392, 'Album 392', 741, 1970, 'Rock'),
  (393, 'Album 393', 388, 2007, 'Soul'),
  (394, 'Album 394', 229, 1973, 'Metal'),
  (395, 'Album 395', 58, 2016, 'Indie'),
  (396, 'Album 396', 765, 2022, 'Rock'),
  (397, 'Album 397', 53, 1985, 'Metal'),
  (398, 'Album 398', 590, 1996, 'Pop'),
  (399, 'Album 399', 255, 2020, 'Jazz'),
  (400, 'Album 400', 844, 1988, 'Classical');

INSERT INTO albums (album_id, title, artist_id, release_year, genre) VALUES
  (401, 'Album 401', 566, 1980, 'Indie'),
  (402, 'Album 402', 61, 1990, 'Classical'),
  (403, 'Album 403', 777, 1988, 'Metal'),
  (404, 'Album 404', 663, 2011, 'Classical'),
  (405, 'Album 405', 352, 2012, 'Indie'),
  (406, 'Album 406', 427, 1978, 'Electronic'),
  (407, 'Album 407', 62, 1976, 'Folk'),
  (408, 'Album 408', 445, 1978, 'Electronic'),
  (409, 'Album 409', 178, 2006, 'Jazz'),
  (410, 'Album 410', 608, 2018, 'Electronic'),
  (411, 'Album 411', 887, 2002, 'Classical'),
  (412, 'Album 412', 284, 2004, 'Hip-Hop'),
  (413, 'Album 413', 784, 1994, 'Electronic'),
  (414, 'Album 414', 776, 2020, 'Classical'),
  (415, 'Album 415', 747, 1982, 'Folk'),
  (416, 'Album 416', 338, 1983, 'Folk'),
  (417, 'Album 417', 519, 2006, 'Rock'),
  (418, 'Album 418', 529, 1989, 'Electronic'),
  (419, 'Album 419', 826, 2021, 'Jazz'),
  (420, 'Album 420', 140, 2013, 'Pop'),
  (421, 'Album 421', 620, 2006, 'Jazz'),
  (422, 'Album 422', 171, 2001, 'Metal'),
  (423, 'Album 423', 770, 2002, 'Rock'),
  (424, 'Album 424', 225, 2007, 'Folk'),
  (425, 'Album 425', 914, 2007, 'Soul'),
  (426, 'Album 426', 253, 1971, 'Hip-Hop'),
  (427, 'Album 427', 774, 2001, 'Folk'),
  (428, 'Album 428', 505, 2018, 'Metal'),
  (429, 'Album 429', 377, 2022, 'Classical'),
  (430, 'Album 430', 283, 1993, 'Soul'),
  (431, 'Album 431', 672, 2016, 'Electronic'),
  (432, 'Album 432', 454, 1990, 'Metal'),
  (433, 'Album 433', 305, 1979, 'Rock'),
  (434, 'Album 434', 869, 1972, 'Soul'),
  (435, 'Album 435', 947, 2008, 'Indie'),
  (436, 'Album 436', 164, 1978, 'Pop'),
  (437, 'Album 437', 497, 2023, 'Rock'),
  (438, 'Album 438', 174, 2020, 'Folk'),
  (439, 'Album 439', 188, 2001, 'Hip-Hop'),
  (440, 'Album 440', 428, 2019, 'Electronic'),
  (441, 'Album 441', 381, 2018, 'Indie'),
  (442, 'Album 442', 996, 1976, 'Pop'),
  (443, 'Album 443', 332, 2009, 'Pop'),
  (444, 'Album 444', 479, 1970, 'Electronic'),
  (445, 'Album 445', 771, 1975, 'Rock'),
  (446, 'Album 446', 329, 2007, 'Folk'),
  (447, 'Album 447', 270, 2002, 'Metal'),
  (448, 'Album 448', 23, 1994, 'Rock'),
  (449, 'Album 449', 692, 2022, 'Soul'),
  (450, 'Album 450', 5, 1990, 'Classical'),
  (451, 'Album 451', 467, 2002, 'Electronic'),
  (452, 'Album 452', 71, 2003, 'Jazz'),
  (453, 'Album 453', 339, 1992, 'Jazz'),
  (454, 'Album 454', 141, 1994, 'Jazz'),
  (455, 'Album 455', 30, 1991, 'Rock'),
  (456, 'Album 456', 611, 1990, 'Electronic'),
  (457, 'Album 457', 409, 1973, 'Indie'),
  (458, 'Album 458', 576, 1986, 'Pop'),
  (459, 'Album 459', 388, 1980, 'Soul'),
  (460, 'Album 460', 449, 1973, 'Soul'),
  (461, 'Album 461', 57, 1971, 'Folk'),
  (462, 'Album 462', 185, 1998, 'Rock'),
  (463, 'Album 463', 90, 1971, 'Jazz'),
  (464, 'Album 464', 999, 2008, 'Pop'),
  (465, 'Album 465', 580, 1998, 'Rock'),
  (466, 'Album 466', 569, 1994, 'Soul'),
  (467, 'Album 467', 469, 2016, 'Jazz'),
  (468, 'Album 468', 378, 1998, 'Hip-Hop'),
  (469, 'Album 469', 577, 1993, 'Rock'),
  (470, 'Album 470', 410, 2019, 'Indie'),
  (471, 'Album 471', 731, 1987, 'Hip-Hop'),
  (472, 'Album 472', 404, 1975, 'Hip-Hop'),
  (473, 'Album 473', 247, 1978, 'Pop'),
  (474, 'Album 474', 901, 2021, 'Metal'),
  (475, 'Album 475', 248, 1998, 'Metal'),
  (476, 'Album 476', 893, 1992, 'Pop'),
  (477, 'Album 477', 486, 2012, 'Electronic'),
  (478, 'Album 478', 661, 1993, 'Hip-Hop'),
  (479, 'Album 479', 361, 2019, 'Metal'),
  (480, 'Album 480', 993, 2012, 'Jazz'),
  (481, 'Album 481', 398, 1994, 'Pop'),
  (482, 'Album 482', 874, 2019, 'Jazz'),
  (483, 'Album 483', 667, 1974, 'Hip-Hop'),
  (484, 'Album 484', 900, 1988, 'Indie'),
  (485, 'Album 485', 539, 1972, 'Folk'),
  (486, 'Album 486', 712, 1972, 'Soul'),
  (487, 'Album 487', 667, 2000, 'Metal'),
  (488, 'Album 488', 875, 2024, 'Metal'),
  (489, 'Album 489', 817, 1995, 'Hip-Hop'),
  (490, 'Album 490', 969, 1975, 'Electronic'),
  (491, 'Album 491', 347, 1995, 'Soul'),
  (492, 'Album 492', 360, 2012, 'Electronic'),
  (493, 'Album 493', 722, 1973, 'Jazz'),
  (494, 'Album 494', 575, 2000, 'Jazz'),
  (495, 'Album 495', 479, 2007, 'Metal'),
  (496, 'Album 496', 280, 2009, 'Hip-Hop'),
  (497, 'Album 497', 421, 2020, 'Folk'),
  (498, 'Album 498', 755, 2014, 'Metal'),
  (499, 'Album 499', 336, 1990, 'Classical'),
  (500, 'Album 500', 665, 2021, 'Jazz'),
  (501, 'Album 501', 412, 2021, 'Pop'),
  (502, 'Album 502', 456, 1971, 'Pop'),
  (503, 'Album 503', 685, 1982, 'Folk'),
  (504, 'Album 504', 185, 1984, 'Electronic'),
  (505, 'Album 505', 641, 2005, 'Hip-Hop'),
  (506, 'Album 506', 824, 1988, 'Electronic'),
  (507, 'Album 507', 965, 2000, 'Rock'),
  (508, 'Album 508', 941, 1975, 'Metal'),
  (509, 'Album 509', 961, 2018, 'Indie'),
  (510, 'Album 510', 6, 2024, 'Folk'),
  (511, 'Album 511', 860, 2018, 'Classical'),
  (512, 'Album 512', 756, 2023, 'Electronic'),
  (513, 'Album 513', 574, 1987, 'Rock'),
  (514, 'Album 514', 335, 1984, 'Electronic'),
  (515, 'Album 515', 406, 1998, 'Metal'),
  (516, 'Album 516', 833, 1974, 'Metal'),
  (517, 'Album 517', 496, 1970, 'Rock'),
  (518, 'Album 518', 842, 2009, 'Rock'),
  (519, 'Album 519', 985, 1972, 'Electronic'),
  (520, 'Album 520', 410, 2019, 'Hip-Hop'),
  (521, 'Album 521', 790, 1987, 'Classical'),
  (522, 'Album 522', 401, 2015, 'Metal'),
  (523, 'Album 523', 438, 2001, 'Pop'),
  (524, 'Album 524', 594, 2022, 'Rock'),
  (525, 'Album 525', 641, 1978, 'Pop'),
  (526, 'Album 526', 119, 1994, 'Classical'),
  (527, 'Album 527', 333, 2017, 'Jazz'),
  (528, 'Album 528', 948, 2018, 'Pop'),
  (529, 'Album 529', 481, 2009, 'Rock'),
  (530, 'Album 530', 491, 2000, 'Folk'),
  (531, 'Album 531', 775, 2002, 'Indie'),
  (532, 'Album 532', 528, 1989, 'Jazz'),
  (533, 'Album 533', 321, 2014, 'Indie'),
  (534, 'Album 534', 917, 2012, 'Pop'),
  (535, 'Album 535', 786, 1971, 'Jazz'),
  (536, 'Album 536', 554, 1979, 'Metal'),
  (537, 'Album 537', 599, 1984, 'Folk'),
  (538, 'Album 538', 34, 1980, 'Jazz'),
  (539, 'Album 539', 339, 1976, 'Electronic'),
  (540, 'Album 540', 947, 2002, 'Indie'),
  (541, 'Album 541', 409, 2013, 'Indie'),
  (542, 'Album 542', 408, 2024, 'Jazz'),
  (543, 'Album 543', 881, 2010, 'Soul'),
  (544, 'Album 544', 329, 2020, 'Pop'),
  (545, 'Album 545', 514, 1974, 'Metal'),
  (546, 'Album 546', 379, 2001, 'Pop'),
  (547, 'Album 547', 320, 2008, 'Metal'),
  (548, 'Album 548', 37, 1996, 'Electronic'),
  (549, 'Album 549', 584, 2005, 'Hip-Hop'),
  (550, 'Album 550', 591, 1982, 'Folk'),
  (551, 'Album 551', 255, 2008, 'Rock'),
  (552, 'Album 552', 228, 2006, 'Folk'),
  (553, 'Album 553', 820, 2024, 'Electronic'),
  (554, 'Album 554', 487, 1981, 'Rock'),
  (555, 'Album 555', 261, 1984, 'Folk'),
  (556, 'Album 556', 239, 1991, 'Pop'),
  (557, 'Album 557', 864, 2024, 'Folk'),
  (558, 'Album 558', 17, 2001, 'Indie'),
  (559, 'Album 559', 168, 1984, 'Pop'),
  (560, 'Album 560', 391, 1993, 'Hip-Hop'),
  (561, 'Album 561', 632, 1987, 'Electronic'),
  (562, 'Album 562', 79, 1975, 'Metal'),
  (563, 'Album 563', 118, 1996, 'Electronic'),
  (564, 'Album 564', 414, 1991, 'Rock'),
  (565, 'Album 565', 858, 2001, 'Soul'),
  (566, 'Album 566', 526, 1993, 'Electronic'),
  (567, 'Album 567', 206, 2009, 'Indie'),
  (568, 'Album 568', 861, 1998, 'Pop'),
  (569, 'Album 569', 47, 1984, 'Metal'),
  (570, 'Album 570', 177, 1978, 'Rock'),
  (571, 'Album 571', 597, 2015, 'Pop'),
  (572, 'Album 572', 187, 2010, 'Classical'),
  (573, 'Album 573', 169, 1976, 'Pop'),
  (574, 'Album 574', 260, 2016, 'Rock'),
  (575, 'Album 575', 333, 1970, 'Metal'),
  (576, 'Album 576', 292, 1975, 'Soul'),
  (577, 'Album 577', 117, 2021, 'Soul'),
  (578, 'Album 578', 227, 2013, 'Jazz'),
  (579, 'Album 579', 238, 2013, 'Jazz'),
  (580, 'Album 580', 937, 2020, 'Jazz'),
  (581, 'Album 581', 697, 2009, 'Indie'),
  (582, 'Album 582', 514, 1973, 'Jazz'),
  (583, 'Album 583', 309, 2014, 'Hip-Hop'),
  (584, 'Album 584', 547, 1984, 'Folk'),
  (585, 'Album 585', 822, 1982, 'Electronic'),
  (586, 'Album 586', 691, 1986, 'Classical'),
  (587, 'Album 587', 179, 1984, 'Electronic'),
  (588, 'Album 588', 107, 1981, 'Rock'),
  (589, 'Album 589', 735, 1972, 'Folk'),
  (590, 'Album 590', 986, 1988, 'Electronic'),
  (591, 'Album 591', 489, 2008, 'Pop'),
  (592, 'Album 592', 115, 1988, 'Classical'),
  (593, 'Album 593', 378, 2010, 'Hip-Hop'),
  (594, 'Album 594', 2, 1991, 'Soul'),
  (595, 'Album 595', 258, 1978, 'Soul'),
  (596, 'Album 596', 39, 1981, 'Rock'),
  (597, 'Album 597', 694, 1981, 'Classical'),
  (598, 'Album 598', 980, 2012, 'Rock'),
  (599, 'Album 599', 488, 1998, 'Indie'),
  (600, 'Album 600', 582, 2006, 'Classical');

INSERT INTO albums (album_id, title, artist_id, release_year, genre) VALUES
  (601, 'Album 601', 805, 1986, 'Classical'),
  (602, 'Album 602', 186, 2016, 'Classical'),
  (603, 'Album 603', 354, 2008, 'Hip-Hop'),
  (604, 'Album 604', 868, 2006, 'Classical'),
  (605, 'Album 605', 940, 2015, 'Rock'),
  (606, 'Album 606', 783, 1993, 'Electronic'),
  (607, 'Album 607', 961, 1973, 'Hip-Hop'),
  (608, 'Album 608', 605, 1984, 'Pop'),
  (609, 'Album 609', 709, 2023, 'Electronic'),
  (610, 'Album 610', 579, 1994, 'Metal'),
  (611, 'Album 611', 195, 1985, 'Folk'),
  (612, 'Album 612', 537, 1985, 'Hip-Hop'),
  (613, 'Album 613', 504, 1973, 'Rock'),
  (614, 'Album 614', 722, 2004, 'Indie'),
  (615, 'Album 615', 71, 2017, 'Metal'),
  (616, 'Album 616', 252, 2018, 'Jazz'),
  (617, 'Album 617', 174, 1991, 'Metal'),
  (618, 'Album 618', 219, 1973, 'Hip-Hop'),
  (619, 'Album 619', 102, 2008, 'Jazz'),
  (620, 'Album 620', 272, 2022, 'Metal'),
  (621, 'Album 621', 832, 2015, 'Hip-Hop'),
  (622, 'Album 622', 163, 1981, 'Rock'),
  (623, 'Album 623', 197, 1998, 'Pop'),
  (624, 'Album 624', 662, 2010, 'Folk'),
  (625, 'Album 625', 243, 1976, 'Indie'),
  (626, 'Album 626', 673, 2019, 'Electronic'),
  (627, 'Album 627', 906, 2009, 'Hip-Hop'),
  (628, 'Album 628', 567, 2016, 'Jazz'),
  (629, 'Album 629', 973, 2001, 'Indie'),
  (630, 'Album 630', 86, 2017, 'Metal'),
  (631, 'Album 631', 361, 2000, 'Rock'),
  (632, 'Album 632', 32, 1988, 'Jazz'),
  (633, 'Album 633', 875, 2020, 'Soul'),
  (634, 'Album 634', 571, 1985, 'Soul'),
  (635, 'Album 635', 76, 2004, 'Hip-Hop'),
  (636, 'Album 636', 187, 1989, 'Electronic'),
  (637, 'Album 637', 150, 1982, 'Metal'),
  (638, 'Album 638', 805, 2000, 'Jazz'),
  (639, 'Album 639', 725, 1976, 'Metal'),
  (640, 'Album 640', 861, 2004, 'Electronic'),
  (641, 'Album 641', 420, 1998, 'Classical'),
  (642, 'Album 642', 2, 2007, 'Folk'),
  (643, 'Album 643', 111, 1971, 'Electronic'),
  (644, 'Album 644', 944, 1984, 'Hip-Hop'),
  (645, 'Album 645', 227, 2014, 'Classical'),
  (646, 'Album 646', 910, 2017, 'Indie'),
  (647, 'Album 647', 791, 1995, 'Electronic'),
  (648, 'Album 648', 388, 1978, 'Soul'),
  (649, 'Album 649', 354, 2006, 'Classical'),
  (650, 'Album 650', 48, 2017, 'Electronic'),
  (651, 'Album 651', 568, 2000, 'Soul'),
  (652, 'Album 652', 501, 2007, 'Folk'),
  (653, 'Album 653', 800, 1988, 'Soul'),
  (654, 'Album 654', 63, 2012, 'Folk'),
  (655, 'Album 655', 967, 2013, 'Pop'),
  (656, 'Album 656', 197, 1988, 'Jazz'),
  (657, 'Album 657', 956, 2014, 'Folk'),
  (658, 'Album 658', 678, 2006, 'Electronic'),
  (659, 'Album 659', 305, 1983, 'Classical'),
  (660, 'Album 660', 659, 1982, 'Electronic'),
  (661, 'Album 661', 824, 1971, 'Hip-Hop'),
  (662, 'Album 662', 922, 1991, 'Rock'),
  (663, 'Album 663', 647, 2005, 'Jazz'),
  (664, 'Album 664', 129, 2013, 'Rock'),
  (665, 'Album 665', 559, 2015, 'Jazz'),
  (666, 'Album 666', 784, 1992, 'Classical'),
  (667, 'Album 667', 85, 1990, 'Folk'),
  (668, 'Album 668', 417, 1999, 'Soul'),
  (669, 'Album 669', 226, 1992, 'Rock'),
  (670, 'Album 670', 955, 2008, 'Indie'),
  (671, 'Album 671', 181, 1999, 'Folk'),
  (672, 'Album 672', 821, 1997, 'Indie'),
  (673, 'Album 673', 465, 2009, 'Folk'),
  (674, 'Album 674', 159, 2005, 'Jazz'),
  (675, 'Album 675', 988, 2007, 'Indie'),
  (676, 'Album 676', 618, 1979, 'Indie'),
  (677, 'Album 677', 11, 2014, 'Indie'),
  (678, 'Album 678', 959, 2023, 'Indie'),
  (679, 'Album 679', 164, 2006, 'Metal'),
  (680, 'Album 680', 746, 1998, 'Pop'),
  (681, 'Album 681', 389, 1985, 'Classical'),
  (682, 'Album 682', 588, 1995, 'Pop'),
  (683, 'Album 683', 454, 2021, 'Indie'),
  (684, 'Album 684', 608, 2021, 'Metal'),
  (685, 'Album 685', 680, 1989, 'Electronic'),
  (686, 'Album 686', 102, 2003, 'Classical'),
  (687, 'Album 687', 468, 2018, 'Soul'),
  (688, 'Album 688', 259, 1999, 'Hip-Hop'),
  (689, 'Album 689', 148, 1995, 'Indie'),
  (690, 'Album 690', 612, 1998, 'Folk'),
  (691, 'Album 691', 426, 1980, 'Jazz'),
  (692, 'Album 692', 28, 1974, 'Electronic'),
  (693, 'Album 693', 836, 1994, 'Folk'),
  (694, 'Album 694', 316, 1980, 'Soul'),
  (695, 'Album 695', 774, 1995, 'Classical'),
  (696, 'Album 696', 576, 1991, 'Pop'),
  (697, 'Album 697', 900, 1972, 'Metal'),
  (698, 'Album 698', 575, 2000, 'Metal'),
  (699, 'Album 699', 630, 1979, 'Jazz'),
  (700, 'Album 700', 680, 1996, 'Electronic'),
  (701, 'Album 701', 507, 2009, 'Indie'),
  (702, 'Album 702', 210, 2015, 'Soul'),
  (703, 'Album 703', 867, 2017, 'Electronic'),
  (704, 'Album 704', 987, 2021, 'Classical'),
  (705, 'Album 705', 773, 2024, 'Hip-Hop'),
  (706, 'Album 706', 11, 1978, 'Pop'),
  (707, 'Album 707', 986, 2009, 'Jazz'),
  (708, 'Album 708', 845, 1987, 'Pop'),
  (709, 'Album 709', 713, 2016, 'Classical'),
  (710, 'Album 710', 815, 1999, 'Metal'),
  (711, 'Album 711', 664, 2021, 'Jazz'),
  (712, 'Album 712', 896, 1978, 'Soul'),
  (713, 'Album 713', 200, 1985, 'Hip-Hop'),
  (714, 'Album 714', 689, 1993, 'Classical'),
  (715, 'Album 715', 981, 2008, 'Rock'),
  (716, 'Album 716', 467, 2009, 'Indie'),
  (717, 'Album 717', 185, 1980, 'Electronic'),
  (718, 'Album 718', 938, 1993, 'Rock'),
  (719, 'Album 719', 438, 2018, 'Hip-Hop'),
  (720, 'Album 720', 270, 2021, 'Jazz'),
  (721, 'Album 721', 51, 2002, 'Hip-Hop'),
  (722, 'Album 722', 599, 1990, 'Indie'),
  (723, 'Album 723', 147, 2021, 'Metal'),
  (724, 'Album 724', 150, 1992, 'Folk'),
  (725, 'Album 725', 285, 1974, 'Pop'),
  (726, 'Album 726', 389, 2006, 'Pop'),
  (727, 'Album 727', 718, 1988, 'Rock'),
  (728, 'Album 728', 848, 1982, 'Jazz'),
  (729, 'Album 729', 525, 1991, 'Rock'),
  (730, 'Album 730', 974, 2020, 'Jazz'),
  (731, 'Album 731', 847, 1976, 'Metal'),
  (732, 'Album 732', 106, 1975, 'Classical'),
  (733, 'Album 733', 297, 2008, 'Pop'),
  (734, 'Album 734', 721, 2005, 'Hip-Hop'),
  (735, 'Album 735', 900, 2005, 'Electronic'),
  (736, 'Album 736', 374, 2002, 'Classical'),
  (737, 'Album 737', 81, 1993, 'Jazz'),
  (738, 'Album 738', 474, 1992, 'Metal'),
  (739, 'Album 739', 392, 1971, 'Soul'),
  (740, 'Album 740', 855, 2015, 'Rock'),
  (741, 'Album 741', 472, 2019, 'Folk'),
  (742, 'Album 742', 619, 1993, 'Classical'),
  (743, 'Album 743', 33, 2002, 'Soul'),
  (744, 'Album 744', 504, 1979, 'Rock'),
  (745, 'Album 745', 751, 1971, 'Pop'),
  (746, 'Album 746', 818, 2021, 'Electronic'),
  (747, 'Album 747', 821, 1979, 'Electronic'),
  (748, 'Album 748', 853, 1996, 'Jazz'),
  (749, 'Album 749', 956, 2007, 'Folk'),
  (750, 'Album 750', 867, 1998, 'Rock'),
  (751, 'Album 751', 549, 2016, 'Pop'),
  (752, 'Album 752', 876, 1991, 'Metal'),
  (753, 'Album 753', 149, 1999, 'Soul'),
  (754, 'Album 754', 514, 1992, 'Indie'),
  (755, 'Album 755', 197, 1993, 'Electronic'),
  (756, 'Album 756', 367, 1981, 'Jazz'),
  (757, 'Album 757', 554, 1976, 'Electronic'),
  (758, 'Album 758', 982, 2015, 'Electronic'),
  (759, 'Album 759', 523, 1997, 'Folk'),
  (760, 'Album 760', 423, 2006, 'Soul'),
  (761, 'Album 761', 381, 2013, 'Pop'),
  (762, 'Album 762', 570, 2003, 'Classical'),
  (763, 'Album 763', 716, 2018, 'Hip-Hop'),
  (764, 'Album 764', 578, 2013, 'Rock'),
  (765, 'Album 765', 531, 2024, 'Rock'),
  (766, 'Album 766', 387, 1994, 'Electronic'),
  (767, 'Album 767', 573, 1971, 'Indie'),
  (768, 'Album 768', 636, 1987, 'Pop'),
  (769, 'Album 769', 728, 2017, 'Pop'),
  (770, 'Album 770', 696, 2017, 'Soul'),
  (771, 'Album 771', 853, 1992, 'Rock'),
  (772, 'Album 772', 73, 1972, 'Jazz'),
  (773, 'Album 773', 597, 2002, 'Metal'),
  (774, 'Album 774', 92, 1998, 'Metal'),
  (775, 'Album 775', 845, 1978, 'Jazz'),
  (776, 'Album 776', 118, 2010, 'Electronic'),
  (777, 'Album 777', 933, 1996, 'Soul'),
  (778, 'Album 778', 60, 1973, 'Metal'),
  (779, 'Album 779', 216, 1983, 'Pop'),
  (780, 'Album 780', 33, 2002, 'Folk'),
  (781, 'Album 781', 615, 1992, 'Jazz'),
  (782, 'Album 782', 213, 1979, 'Soul'),
  (783, 'Album 783', 67, 1973, 'Classical'),
  (784, 'Album 784', 414, 1976, 'Metal'),
  (785, 'Album 785', 567, 2013, 'Classical'),
  (786, 'Album 786', 52, 2011, 'Rock'),
  (787, 'Album 787', 281, 2020, 'Hip-Hop'),
  (788, 'Album 788', 860, 1994, 'Indie'),
  (789, 'Album 789', 478, 1998, 'Folk'),
  (790, 'Album 790', 336, 2007, 'Jazz'),
  (791, 'Album 791', 483, 2012, 'Pop'),
  (792, 'Album 792', 350, 2022, 'Electronic'),
  (793, 'Album 793', 10, 2007, 'Soul'),
  (794, 'Album 794', 270, 1993, 'Pop'),
  (795, 'Album 795', 268, 1995, 'Classical'),
  (796, 'Album 796', 275, 2008, 'Metal'),
  (797, 'Album 797', 75, 1998, 'Folk'),
  (798, 'Album 798', 751, 1992, 'Electronic'),
  (799, 'Album 799', 39, 1992, 'Jazz'),
  (800, 'Album 800', 446, 2002, 'Metal');

INSERT INTO albums (album_id, title, artist_id, release_year, genre) VALUES
  (801, 'Album 801', 779, 2006, 'Hip-Hop'),
  (802, 'Album 802', 454, 2003, 'Indie'),
  (803, 'Album 803', 493, 1976, 'Folk'),
  (804, 'Album 804', 29, 2005, 'Metal'),
  (805, 'Album 805', 657, 1998, 'Classical'),
  (806, 'Album 806', 499, 1992, 'Electronic'),
  (807, 'Album 807', 731, 2020, 'Indie'),
  (808, 'Album 808', 854, 2000, 'Rock'),
  (809, 'Album 809', 666, 2015, 'Folk'),
  (810, 'Album 810', 148, 1998, 'Electronic'),
  (811, 'Album 811', 333, 2010, 'Soul'),
  (812, 'Album 812', 251, 2006, 'Indie'),
  (813, 'Album 813', 441, 1979, 'Classical'),
  (814, 'Album 814', 227, 1973, 'Electronic'),
  (815, 'Album 815', 484, 2010, 'Hip-Hop'),
  (816, 'Album 816', 505, 2005, 'Folk'),
  (817, 'Album 817', 709, 2016, 'Metal'),
  (818, 'Album 818', 387, 1987, 'Electronic'),
  (819, 'Album 819', 897, 2001, 'Hip-Hop'),
  (820, 'Album 820', 210, 1973, 'Pop'),
  (821, 'Album 821', 434, 1978, 'Jazz'),
  (822, 'Album 822', 25, 2006, 'Metal'),
  (823, 'Album 823', 265, 2008, 'Jazz'),
  (824, 'Album 824', 324, 1978, 'Jazz'),
  (825, 'Album 825', 443, 1971, 'Metal'),
  (826, 'Album 826', 134, 2023, 'Indie'),
  (827, 'Album 827', 226, 1981, 'Jazz'),
  (828, 'Album 828', 355, 2019, 'Hip-Hop'),
  (829, 'Album 829', 319, 2003, 'Electronic'),
  (830, 'Album 830', 139, 1980, 'Indie'),
  (831, 'Album 831', 673, 1986, 'Soul'),
  (832, 'Album 832', 71, 1972, 'Soul'),
  (833, 'Album 833', 982, 2020, 'Classical'),
  (834, 'Album 834', 244, 2006, 'Folk'),
  (835, 'Album 835', 789, 1975, 'Classical'),
  (836, 'Album 836', 725, 1976, 'Classical'),
  (837, 'Album 837', 48, 2005, 'Hip-Hop'),
  (838, 'Album 838', 523, 1991, 'Metal'),
  (839, 'Album 839', 665, 1987, 'Indie'),
  (840, 'Album 840', 648, 1970, 'Jazz'),
  (841, 'Album 841', 414, 1987, 'Classical'),
  (842, 'Album 842', 549, 2018, 'Pop'),
  (843, 'Album 843', 609, 2015, 'Classical'),
  (844, 'Album 844', 971, 2005, 'Folk'),
  (845, 'Album 845', 818, 2016, 'Hip-Hop'),
  (846, 'Album 846', 892, 1970, 'Folk'),
  (847, 'Album 847', 402, 2004, 'Classical'),
  (848, 'Album 848', 56, 2007, 'Rock'),
  (849, 'Album 849', 377, 1999, 'Rock'),
  (850, 'Album 850', 860, 2004, 'Indie'),
  (851, 'Album 851', 8, 1986, 'Metal'),
  (852, 'Album 852', 76, 1986, 'Soul'),
  (853, 'Album 853', 967, 1986, 'Pop'),
  (854, 'Album 854', 224, 2021, 'Rock'),
  (855, 'Album 855', 658, 1994, 'Electronic'),
  (856, 'Album 856', 579, 1997, 'Hip-Hop'),
  (857, 'Album 857', 566, 2000, 'Jazz'),
  (858, 'Album 858', 30, 1982, 'Classical'),
  (859, 'Album 859', 972, 2011, 'Folk'),
  (860, 'Album 860', 248, 1982, 'Soul'),
  (861, 'Album 861', 60, 2012, 'Electronic'),
  (862, 'Album 862', 7, 1994, 'Indie'),
  (863, 'Album 863', 492, 1987, 'Folk'),
  (864, 'Album 864', 968, 2011, 'Rock'),
  (865, 'Album 865', 159, 1997, 'Folk'),
  (866, 'Album 866', 939, 1975, 'Metal'),
  (867, 'Album 867', 665, 1984, 'Jazz'),
  (868, 'Album 868', 675, 1991, 'Jazz'),
  (869, 'Album 869', 227, 2021, 'Metal'),
  (870, 'Album 870', 11, 2016, 'Pop'),
  (871, 'Album 871', 775, 2020, 'Jazz'),
  (872, 'Album 872', 631, 1980, 'Pop'),
  (873, 'Album 873', 320, 2022, 'Hip-Hop'),
  (874, 'Album 874', 733, 1994, 'Indie'),
  (875, 'Album 875', 322, 2013, 'Rock'),
  (876, 'Album 876', 93, 2014, 'Soul'),
  (877, 'Album 877', 56, 1998, 'Soul'),
  (878, 'Album 878', 42, 1994, 'Folk'),
  (879, 'Album 879', 366, 2010, 'Soul'),
  (880, 'Album 880', 946, 1977, 'Folk'),
  (881, 'Album 881', 277, 1999, 'Metal'),
  (882, 'Album 882', 854, 1998, 'Pop'),
  (883, 'Album 883', 41, 1991, 'Soul'),
  (884, 'Album 884', 389, 1999, 'Metal'),
  (885, 'Album 885', 337, 1981, 'Rock'),
  (886, 'Album 886', 108, 1998, 'Classical'),
  (887, 'Album 887', 904, 1984, 'Pop'),
  (888, 'Album 888', 5, 1973, 'Pop'),
  (889, 'Album 889', 302, 1997, 'Indie'),
  (890, 'Album 890', 611, 1998, 'Hip-Hop'),
  (891, 'Album 891', 794, 1975, 'Jazz'),
  (892, 'Album 892', 904, 2019, 'Electronic'),
  (893, 'Album 893', 223, 2007, 'Electronic'),
  (894, 'Album 894', 462, 2016, 'Rock'),
  (895, 'Album 895', 965, 1987, 'Soul'),
  (896, 'Album 896', 782, 1980, 'Pop'),
  (897, 'Album 897', 311, 2001, 'Electronic'),
  (898, 'Album 898', 607, 2013, 'Hip-Hop'),
  (899, 'Album 899', 616, 1978, 'Classical'),
  (900, 'Album 900', 208, 2000, 'Soul'),
  (901, 'Album 901', 593, 1976, 'Electronic'),
  (902, 'Album 902', 697, 2011, 'Classical'),
  (903, 'Album 903', 469, 1985, 'Soul'),
  (904, 'Album 904', 230, 2002, 'Soul'),
  (905, 'Album 905', 569, 2009, 'Indie'),
  (906, 'Album 906', 812, 1984, 'Indie'),
  (907, 'Album 907', 452, 2000, 'Soul'),
  (908, 'Album 908', 91, 2020, 'Rock'),
  (909, 'Album 909', 801, 1988, 'Rock'),
  (910, 'Album 910', 198, 2003, 'Classical'),
  (911, 'Album 911', 645, 2010, 'Indie'),
  (912, 'Album 912', 287, 1970, 'Pop'),
  (913, 'Album 913', 245, 2001, 'Soul'),
  (914, 'Album 914', 137, 2000, 'Classical'),
  (915, 'Album 915', 655, 1987, 'Electronic'),
  (916, 'Album 916', 662, 1978, 'Jazz'),
  (917, 'Album 917', 771, 1999, 'Metal'),
  (918, 'Album 918', 291, 1977, 'Rock'),
  (919, 'Album 919', 464, 2003, 'Electronic'),
  (920, 'Album 920', 149, 1990, 'Rock'),
  (921, 'Album 921', 290, 1989, 'Rock'),
  (922, 'Album 922', 952, 2024, 'Classical'),
  (923, 'Album 923', 522, 1977, 'Metal'),
  (924, 'Album 924', 267, 2020, 'Soul'),
  (925, 'Album 925', 634, 1970, 'Jazz'),
  (926, 'Album 926', 472, 2019, 'Pop'),
  (927, 'Album 927', 410, 2021, 'Rock'),
  (928, 'Album 928', 281, 1986, 'Hip-Hop'),
  (929, 'Album 929', 938, 2023, 'Indie'),
  (930, 'Album 930', 288, 1996, 'Jazz'),
  (931, 'Album 931', 682, 2002, 'Classical'),
  (932, 'Album 932', 444, 1999, 'Rock'),
  (933, 'Album 933', 5, 1988, 'Hip-Hop'),
  (934, 'Album 934', 427, 2006, 'Classical'),
  (935, 'Album 935', 190, 2003, 'Electronic'),
  (936, 'Album 936', 908, 2012, 'Indie'),
  (937, 'Album 937', 477, 1975, 'Electronic'),
  (938, 'Album 938', 528, 1973, 'Indie'),
  (939, 'Album 939', 510, 2001, 'Pop'),
  (940, 'Album 940', 345, 1996, 'Folk'),
  (941, 'Album 941', 525, 2016, 'Pop'),
  (942, 'Album 942', 166, 1977, 'Hip-Hop'),
  (943, 'Album 943', 257, 2000, 'Indie'),
  (944, 'Album 944', 855, 1972, 'Indie'),
  (945, 'Album 945', 92, 1997, 'Hip-Hop'),
  (946, 'Album 946', 931, 1986, 'Indie'),
  (947, 'Album 947', 858, 2007, 'Jazz'),
  (948, 'Album 948', 601, 1970, 'Soul'),
  (949, 'Album 949', 804, 1982, 'Metal'),
  (950, 'Album 950', 378, 1987, 'Electronic'),
  (951, 'Album 951', 893, 2022, 'Metal'),
  (952, 'Album 952', 576, 2020, 'Metal'),
  (953, 'Album 953', 438, 2016, 'Classical'),
  (954, 'Album 954', 25, 2007, 'Pop'),
  (955, 'Album 955', 956, 2023, 'Hip-Hop'),
  (956, 'Album 956', 605, 1985, 'Electronic'),
  (957, 'Album 957', 371, 1986, 'Soul'),
  (958, 'Album 958', 407, 1977, 'Indie'),
  (959, 'Album 959', 783, 1996, 'Rock'),
  (960, 'Album 960', 398, 2010, 'Soul'),
  (961, 'Album 961', 648, 1992, 'Hip-Hop'),
  (962, 'Album 962', 621, 2008, 'Rock'),
  (963, 'Album 963', 712, 2010, 'Indie'),
  (964, 'Album 964', 990, 2017, 'Rock'),
  (965, 'Album 965', 898, 2016, 'Folk'),
  (966, 'Album 966', 79, 1992, 'Electronic'),
  (967, 'Album 967', 217, 1993, 'Jazz'),
  (968, 'Album 968', 532, 1996, 'Rock'),
  (969, 'Album 969', 364, 2013, 'Soul'),
  (970, 'Album 970', 933, 1976, 'Electronic'),
  (971, 'Album 971', 231, 1983, 'Soul'),
  (972, 'Album 972', 253, 1976, 'Metal'),
  (973, 'Album 973', 495, 1971, 'Pop'),
  (974, 'Album 974', 636, 2009, 'Rock'),
  (975, 'Album 975', 297, 2016, 'Pop'),
  (976, 'Album 976', 490, 2014, 'Hip-Hop'),
  (977, 'Album 977', 182, 1977, 'Jazz'),
  (978, 'Album 978', 354, 1987, 'Indie'),
  (979, 'Album 979', 989, 1989, 'Rock'),
  (980, 'Album 980', 913, 2021, 'Folk'),
  (981, 'Album 981', 167, 2018, 'Soul'),
  (982, 'Album 982', 493, 1986, 'Folk'),
  (983, 'Album 983', 858, 1971, 'Classical'),
  (984, 'Album 984', 950, 1993, 'Folk'),
  (985, 'Album 985', 395, 2000, 'Indie'),
  (986, 'Album 986', 765, 2023, 'Jazz'),
  (987, 'Album 987', 127, 2021, 'Classical'),
  (988, 'Album 988', 804, 1995, 'Indie'),
  (989, 'Album 989', 395, 1988, 'Hip-Hop'),
  (990, 'Album 990', 711, 2022, 'Rock'),
  (991, 'Album 991', 204, 1975, 'Rock'),
  (992, 'Album 992', 372, 2011, 'Jazz'),
  (993, 'Album 993', 36, 2008, 'Classical'),
  (994, 'Album 994', 234, 1978, 'Classical'),
  (995, 'Album 995', 662, 2011, 'Electronic'),
  (996, 'Album 996', 822, 2004, 'Soul'),
  (997, 'Album 997', 479, 2004, 'Jazz'),
  (998, 'Album 998', 260, 2009, 'Metal'),
  (999, 'Album 999', 68, 1980, 'Indie'),
  (1000, 'Album 1000', 504, 1974, 'Electronic');

INSERT INTO tracks (track_id, name, album_id, milliseconds, composer, bytes, price) VALUES
  (1, 'Track 1', 1, 180929, 'Orbit Nova 120', 13569675, 0.80),
  (2, 'Track 2', 2, 409660, 'Solar Echo 462', 16386400, 0.71),
  (3, 'Track 3', 3, 316197, 'Mirror Fable 380', 13280274, 1.09),
  (4, 'Track 4', 4, 233470, 'Golden Marble 426', 9572270, 0.82),
  (5, 'Track 5', 5, 363178, 'Solar Fable 205', 19611612, 0.74),
  (6, 'Track 6', 6, 298414, 'Mirror Crimson 132', 17308012, 0.89),
  (7, 'Track 7', 7, 311599, 'Quartz Golden 15', 20877133, 1.40),
  (8, 'Track 8', 8, 347463, 'Echo Solar 396', 13898520, 1.24),
  (9, 'Track 9', 9, 272724, 'Paper Signal 186', 14727096, 1.29),
  (10, 'Track 10', 10, 369024, 'Signal Orbit 26', 18082176, 0.76),
  (11, 'Track 11', 11, 146827, 'Golden Mirror 827', 10718371, 1.09),
  (12, 'Track 12', 12, 132322, 'Static Mirror 706', 8203964, 1.16),
  (13, 'Track 13', 13, 362984, 'Solar Velvet 556', 22142024, 0.71),
  (14, 'Track 14', 14, 234754, 'Paper Fable 970', 16198026, 1.40),
  (15, 'Track 15', 15, 143389, 'Atlas Indigo 388', 7169450, 1.05),
  (16, 'Track 16', 16, 368721, 'Velvet Orbit 145', 23229423, 1.29),
  (17, 'Track 17', 17, 309273, 'Solar Velvet 157', 23814021, 0.98),
  (18, 'Track 18', 18, 375153, 'Echo Golden 786', 23634639, 0.74),
  (19, 'Track 19', 19, 396748, 'Atlas Indigo 388', 26185368, 1.37),
  (20, 'Track 20', 20, 358588, 'Velvet Echo 645', 24383984, 0.93),
  (21, 'Track 21', 21, 351796, 'Velvet Atlas 752', 15479024, 1.18),
  (22, 'Track 22', 22, 169245, 'Orbit Neon 133', 12862620, 0.75),
  (23, 'Track 23', 23, 400192, 'Atlas Horizon 622', 24411712, 0.76),
  (24, 'Track 24', 24, 328474, 'Crimson Velvet 888', 13467434, 1.18),
  (25, 'Track 25', 25, 130185, 'Digital Neon 600', 7680915, 1.35),
  (26, 'Track 26', 26, 404075, 'Solar Marble 671', 31517850, 0.99),
  (27, 'Track 27', 27, 341998, 'Neon Atlas 627', 26675844, 0.91),
  (28, 'Track 28', 28, 348258, 'Marble Static 60', 26467608, 0.96),
  (29, 'Track 29', 29, 372282, 'Indigo Paper 2', 25687458, 1.40),
  (30, 'Track 30', 30, 388210, 'Crimson Indigo 240', 25621860, 1.23),
  (31, 'Track 31', 31, 316328, 'Echo Nova 915', 16132728, 0.71),
  (32, 'Track 32', 32, 167569, 'Digital Solar 399', 12902813, 1.32),
  (33, 'Track 33', 33, 123190, 'Quartz Digital 684', 5789930, 1.25),
  (34, 'Track 34', 34, 257252, 'Fable Golden 255', 14148860, 0.96),
  (35, 'Track 35', 35, 294546, 'Horizon Atlas 800', 15021846, 1.08),
  (36, 'Track 36', 36, 290448, 'Mirror Solar 287', 16265088, 1.35),
  (37, 'Track 37', 37, 262458, 'Fable Orbit 220', 17847144, 0.74),
  (38, 'Track 38', 38, 186537, 'Prism Orbit 723', 7648017, 1.30),
  (39, 'Track 39', 39, 282020, 'Crimson Indigo 240', 17485240, 1.10),
  (40, 'Track 40', 40, 365152, 'Crimson Nova 652', 28116704, 0.70),
  (41, 'Track 41', 41, 302925, 'Solar Indigo 280', 20598900, 1.25),
  (42, 'Track 42', 42, 265619, 'Mirror Velvet 397', 20187044, 0.82),
  (43, 'Track 43', 43, 274966, 'Indigo Static 319', 12098504, 0.89),
  (44, 'Track 44', 44, 291753, 'Atlas Velvet 892', 17505180, 0.76),
  (45, 'Track 45', 45, 252115, 'Marble Solar 831', 11597290, 1.02),
  (46, 'Track 46', 46, 181799, 'Solar Indigo 707', 10180744, 0.93),
  (47, 'Track 47', 47, 310917, 'Golden Paper 421', 20831439, 0.78),
  (48, 'Track 48', 48, 338126, 'Neon Atlas 323', 26373828, 1.17),
  (49, 'Track 49', 49, 233970, 'Digital Digital 643', 13570260, 0.72),
  (50, 'Track 50', 50, 313696, 'Fable Golden 493', 17880672, 1.26),
  (51, 'Track 51', 51, 151287, 'Orbit Indigo 853', 10136229, 0.90),
  (52, 'Track 52', 52, 405522, 'Crimson Marble 633', 19059534, 1.05),
  (53, 'Track 53', 53, 231108, 'Crimson Golden 352', 15022020, 1.17),
  (54, 'Track 54', 54, 407478, 'Mirror Crimson 132', 18743988, 1.14),
  (55, 'Track 55', 55, 275176, 'Neon Paper 604', 12658096, 0.71),
  (56, 'Track 56', 56, 334443, 'Echo Neon 544', 20401023, 0.72),
  (57, 'Track 57', 57, 130008, 'Static Atlas 743', 6890424, 1.42),
  (58, 'Track 58', 58, 176951, 'Mirror Horizon 144', 10086207, 1.25),
  (59, 'Track 59', 59, 231534, 'Horizon Nova 511', 14818176, 1.19),
  (60, 'Track 60', 60, 364074, 'Velvet Crimson 582', 16019256, 0.79),
  (61, 'Track 61', 61, 154578, 'Paper Indigo 818', 11593350, 1.36),
  (62, 'Track 62', 62, 137643, 'Marble Golden 322', 7570365, 1.37),
  (63, 'Track 63', 63, 224111, 'Crimson Marble 129', 12998438, 1.38),
  (64, 'Track 64', 64, 393808, 'Static Mirror 124', 31110832, 0.81),
  (65, 'Track 65', 65, 273622, 'Nova Fable 722', 18879918, 1.41),
  (66, 'Track 66', 66, 325210, 'Static Marble 415', 19512600, 0.85),
  (67, 'Track 67', 67, 257359, 'Neon Velvet 828', 13897386, 1.11),
  (68, 'Track 68', 68, 156694, 'Nova Velvet 859', 7678006, 0.91),
  (69, 'Track 69', 69, 299999, 'Atlas Solar 790', 12299959, 0.97),
  (70, 'Track 70', 70, 163196, 'Solar Horizon 291', 6854232, 1.26),
  (71, 'Track 71', 71, 359484, 'Paper Fable 541', 19412136, 0.87),
  (72, 'Track 72', 72, 411477, 'Echo Neon 175', 32095206, 1.07),
  (73, 'Track 73', 73, 337431, 'Nova Orbit 991', 15184395, 0.98),
  (74, 'Track 74', 74, 419309, 'Digital Fable 127', 31028866, 0.78),
  (75, 'Track 75', 75, 237085, 'Indigo Indigo 758', 15173440, 0.78),
  (76, 'Track 76', 76, 329167, 'Paper Paper 534', 23370857, 1.04),
  (77, 'Track 77', 77, 254423, 'Quartz Marble 863', 20099417, 1.26),
  (78, 'Track 78', 78, 403413, 'Horizon Orbit 375', 22187715, 0.96),
  (79, 'Track 79', 79, 305551, 'Mirror Quartz 195', 14360897, 0.72),
  (80, 'Track 80', 80, 152875, 'Signal Crimson 13', 9172500, 1.04),
  (81, 'Track 81', 81, 136825, 'Indigo Marble 977', 9714575, 1.12),
  (82, 'Track 82', 82, 314456, 'Mirror Neon 561', 21697464, 0.71),
  (83, 'Track 83', 83, 188391, 'Digital Fable 127', 13752543, 1.02),
  (84, 'Track 84', 84, 170848, 'Atlas Orbit 738', 9567488, 0.80),
  (85, 'Track 85', 85, 362113, 'Horizon Marble 805', 24985797, 1.18),
  (86, 'Track 86', 86, 248001, 'Signal Indigo 407', 15376062, 0.89),
  (87, 'Track 87', 87, 131226, 'Echo Neon 281', 10498080, 0.75),
  (88, 'Track 88', 88, 174786, 'Digital Nova 242', 7865370, 1.30),
  (89, 'Track 89', 89, 181570, 'Signal Indigo 407', 11802050, 0.72),
  (90, 'Track 90', 90, 132251, 'Static Neon 171', 9522072, 1.39),
  (91, 'Track 91', 91, 139706, 'Nova Paper 795', 6426476, 1.12),
  (92, 'Track 92', 92, 162831, 'Prism Horizon 690', 7490226, 0.80),
  (93, 'Track 93', 93, 294846, 'Marble Paper 265', 15331992, 0.99),
  (94, 'Track 94', 94, 133933, 'Golden Atlas 759', 5491253, 1.19),
  (95, 'Track 95', 95, 178480, 'Quartz Crimson 479', 8388560, 0.73),
  (96, 'Track 96', 96, 198505, 'Paper Mirror 465', 10520765, 1.41),
  (97, 'Track 97', 97, 280770, 'Atlas Nova 11', 21338520, 0.74),
  (98, 'Track 98', 98, 221956, 'Horizon Horizon 446', 13761272, 0.89),
  (99, 'Track 99', 99, 211854, 'Orbit Atlas 250', 8474160, 1.21),
  (100, 'Track 100', 100, 328612, 'Solar Crimson 667', 18730884, 0.69),
  (101, 'Track 101', 101, 368090, 'Velvet Golden 791', 16195960, 1.07),
  (102, 'Track 102', 102, 388101, 'Quartz Digital 702', 25226565, 0.74),
  (103, 'Track 103', 103, 287851, 'Echo Nova 915', 15543954, 1.12),
  (104, 'Track 104', 104, 120347, 'Echo Marble 284', 4934227, 0.70),
  (105, 'Track 105', 105, 120386, 'Crimson Mirror 681', 5658142, 0.81),
  (106, 'Track 106', 106, 121207, 'Static Mirror 270', 9211732, 0.73),
  (107, 'Track 107', 107, 138449, 'Solar Indigo 707', 7199348, 1.16),
  (108, 'Track 108', 108, 389832, 'Velvet Atlas 861', 21050928, 0.97),
  (109, 'Track 109', 109, 335487, 'Indigo Paper 660', 14425941, 1.30),
  (110, 'Track 110', 110, 233486, 'Solar Golden 386', 17044478, 1.43),
  (111, 'Track 111', 111, 271752, 'Orbit Paper 36', 16848624, 1.11),
  (112, 'Track 112', 112, 225494, 'Crimson Signal 644', 16461062, 1.45),
  (113, 'Track 113', 113, 203416, 'Paper Mirror 465', 8136640, 1.32),
  (114, 'Track 114', 114, 200844, 'Marble Orbit 370', 14862456, 0.89),
  (115, 'Track 115', 115, 295065, 'Paper Mirror 105', 21539745, 1.46),
  (116, 'Track 116', 116, 306234, 'Quartz Velvet 918', 20211444, 1.10),
  (117, 'Track 117', 117, 201892, 'Quartz Golden 545', 11104060, 0.77),
  (118, 'Track 118', 118, 385888, 'Fable Fable 379', 30871040, 0.80),
  (119, 'Track 119', 119, 186301, 'Fable Orbit 657', 9501351, 1.32),
  (120, 'Track 120', 120, 281805, 'Static Atlas 315', 21698985, 1.12),
  (121, 'Track 121', 121, 241597, 'Crimson Orbit 577', 18602969, 1.05),
  (122, 'Track 122', 122, 315974, 'Neon Golden 467', 22118180, 0.96),
  (123, 'Track 123', 123, 332970, 'Velvet Echo 645', 24306810, 0.73),
  (124, 'Track 124', 124, 349686, 'Paper Prism 701', 20281788, 1.29),
  (125, 'Track 125', 125, 401177, 'Solar Horizon 612', 19256496, 0.80),
  (126, 'Track 126', 126, 160089, 'Golden Horizon 155', 6403560, 1.17),
  (127, 'Track 127', 127, 221073, 'Horizon Paper 490', 10611504, 1.40),
  (128, 'Track 128', 128, 306718, 'Orbit Paper 546', 21163542, 1.02),
  (129, 'Track 129', 129, 237781, 'Signal Crimson 13', 16169108, 0.80),
  (130, 'Track 130', 130, 224653, 'Marble Echo 635', 10109385, 1.00),
  (131, 'Track 131', 131, 189172, 'Velvet Quartz 482', 9836944, 0.70),
  (132, 'Track 132', 132, 144568, 'Velvet Velvet 34', 8384944, 1.43),
  (133, 'Track 133', 133, 418636, 'Golden Paper 943', 29304520, 0.83),
  (134, 'Track 134', 134, 266988, 'Quartz Marble 523', 21092052, 1.10),
  (135, 'Track 135', 135, 321478, 'Atlas Velvet 562', 16395378, 1.24),
  (136, 'Track 136', 136, 265368, 'Static Mirror 615', 17248920, 0.88),
  (137, 'Track 137', 137, 193884, 'Digital Static 553', 12214692, 0.91),
  (138, 'Track 138', 138, 289853, 'Solar Fable 205', 15072356, 1.02),
  (139, 'Track 139', 139, 211836, 'Prism Solar 441', 8685276, 1.13),
  (140, 'Track 140', 140, 346348, 'Crimson Neon 70', 18356444, 1.09),
  (141, 'Track 141', 141, 347009, 'Solar Static 741', 17350450, 0.85),
  (142, 'Track 142', 142, 292341, 'Indigo Neon 744', 16371096, 1.12),
  (143, 'Track 143', 143, 222656, 'Signal Paper 259', 15808576, 0.75),
  (144, 'Track 144', 144, 305261, 'Prism Crimson 727', 12210440, 1.33),
  (145, 'Track 145', 145, 396942, 'Golden Digital 510', 19847100, 1.35),
  (146, 'Track 146', 146, 234926, 'Signal Atlas 484', 10101818, 1.22),
  (147, 'Track 147', 147, 400087, 'Indigo Quartz 231', 24805394, 1.08),
  (148, 'Track 148', 148, 257886, 'Mirror Nova 37', 12120642, 1.23),
  (149, 'Track 149', 149, 282438, 'Digital Golden 156', 22030164, 0.85),
  (150, 'Track 150', 150, 418041, 'Indigo Crimson 183', 26754624, 1.28),
  (151, 'Track 151', 151, 162187, 'Prism Atlas 301', 11677464, 1.46),
  (152, 'Track 152', 152, 321327, 'Signal Orbit 18', 24420852, 1.01),
  (153, 'Track 153', 153, 229330, 'Solar Golden 386', 14677120, 1.24),
  (154, 'Track 154', 154, 192166, 'Quartz Golden 15', 9992632, 0.94),
  (155, 'Track 155', 155, 123590, 'Horizon Orbit 375', 9022070, 1.02),
  (156, 'Track 156', 156, 154185, 'Prism Golden 368', 11255505, 1.28),
  (157, 'Track 157', 157, 146314, 'Golden Mirror 512', 8778840, 0.98),
  (158, 'Track 158', 158, 383645, 'Quartz Digital 533', 27238795, 1.26),
  (159, 'Track 159', 159, 343003, 'Quartz Digital 533', 15092132, 1.30),
  (160, 'Track 160', 160, 174423, 'Neon Static 92', 7325766, 0.98),
  (161, 'Track 161', 161, 378511, 'Velvet Mirror 400', 26495770, 0.84),
  (162, 'Track 162', 162, 338782, 'Neon Mirror 522', 15583972, 0.89),
  (163, 'Track 163', 163, 233222, 'Mirror Golden 52', 17958094, 1.19),
  (164, 'Track 164', 164, 318094, 'Solar Crimson 517', 18131358, 1.00),
  (165, 'Track 165', 165, 374292, 'Horizon Paper 160', 27323316, 1.48),
  (166, 'Track 166', 166, 284081, 'Static Quartz 248', 12215483, 1.32),
  (167, 'Track 167', 167, 253650, 'Golden Velvet 772', 16994550, 0.98),
  (168, 'Track 168', 168, 354601, 'Nova Indigo 569', 19857656, 0.92),
  (169, 'Track 169', 169, 242643, 'Nova Fable 774', 11646864, 1.17),
  (170, 'Track 170', 170, 389344, 'Horizon Prism 420', 20635232, 1.42),
  (171, 'Track 171', 171, 277811, 'Mirror Atlas 847', 21113636, 0.91),
  (172, 'Track 172', 172, 292645, 'Velvet Crimson 7', 22826310, 0.87),
  (173, 'Track 173', 173, 122694, 'Echo Solar 307', 9324744, 1.09),
  (174, 'Track 174', 174, 272232, 'Atlas Digital 781', 20961864, 1.14),
  (175, 'Track 175', 175, 241295, 'Mirror Nova 895', 10858275, 1.40),
  (176, 'Track 176', 176, 168059, 'Paper Digital 704', 11428012, 1.25),
  (177, 'Track 177', 177, 283559, 'Mirror Solar 287', 20983366, 0.83),
  (178, 'Track 178', 178, 160820, 'Velvet Velvet 432', 11739860, 0.93),
  (179, 'Track 179', 179, 250710, 'Crimson Neon 252', 11281950, 1.47),
  (180, 'Track 180', 180, 311626, 'Indigo Crimson 183', 15892926, 0.97),
  (181, 'Track 181', 181, 217589, 'Horizon Crimson 12', 11749806, 0.98),
  (182, 'Track 182', 182, 366273, 'Fable Golden 493', 18679923, 0.86),
  (183, 'Track 183', 183, 384025, 'Crimson Neon 252', 21505400, 1.25),
  (184, 'Track 184', 184, 377343, 'Nova Paper 795', 25659324, 0.73),
  (185, 'Track 185', 185, 175094, 'Solar Golden 662', 12081486, 1.04),
  (186, 'Track 186', 186, 247451, 'Signal Echo 557', 11135295, 1.29),
  (187, 'Track 187', 187, 215022, 'Golden Mirror 512', 15481584, 1.06),
  (188, 'Track 188', 188, 171470, 'Mirror Nova 895', 10288200, 1.46),
  (189, 'Track 189', 189, 145056, 'Paper Neon 17', 6962688, 1.01),
  (190, 'Track 190', 190, 287369, 'Prism Quartz 845', 13218974, 0.99),
  (191, 'Track 191', 191, 171189, 'Echo Neon 640', 8045883, 0.74),
  (192, 'Track 192', 192, 303300, 'Solar Indigo 280', 19714500, 1.45),
  (193, 'Track 193', 193, 334807, 'Horizon Horizon 877', 25445332, 0.98),
  (194, 'Track 194', 194, 350064, 'Marble Static 74', 18553392, 1.14),
  (195, 'Track 195', 195, 301959, 'Prism Quartz 8', 17211663, 0.78),
  (196, 'Track 196', 196, 348509, 'Mirror Crimson 10', 23001594, 1.04),
  (197, 'Track 197', 197, 254194, 'Fable Static 110', 10421954, 0.79),
  (198, 'Track 198', 198, 406091, 'Golden Paper 421', 18680186, 0.96),
  (199, 'Track 199', 199, 185532, 'Quartz Static 158', 9462132, 1.20),
  (200, 'Track 200', 200, 187027, 'Indigo Fable 143', 14962160, 0.96),
  (201, 'Track 201', 201, 291068, 'Indigo Fable 143', 16299808, 1.20),
  (202, 'Track 202', 202, 295603, 'Marble Quartz 235', 23648240, 1.04),
  (203, 'Track 203', 203, 229148, 'Digital Indigo 870', 11686548, 1.16),
  (204, 'Track 204', 204, 124457, 'Paper Paper 534', 6845135, 1.29),
  (205, 'Track 205', 205, 163434, 'Horizon Atlas 800', 8008266, 0.90),
  (206, 'Track 206', 206, 317632, 'Mirror Signal 689', 24457664, 1.12),
  (207, 'Track 207', 207, 406086, 'Signal Indigo 181', 22740816, 0.70),
  (208, 'Track 208', 208, 126857, 'Solar Prism 778', 8626276, 1.03),
  (209, 'Track 209', 209, 191847, 'Quartz Atlas 520', 11702667, 1.14),
  (210, 'Track 210', 210, 121194, 'Nova Fable 722', 7150446, 1.45),
  (211, 'Track 211', 211, 396130, 'Nova Fable 722', 27729100, 0.78),
  (212, 'Track 212', 212, 249359, 'Nova Quartz 262', 16707053, 1.16),
  (213, 'Track 213', 213, 120299, 'Marble Static 496', 9383322, 0.70),
  (214, 'Track 214', 214, 240318, 'Fable Static 989', 10333674, 1.17),
  (215, 'Track 215', 215, 417605, 'Paper Paper 691', 27979535, 0.72),
  (216, 'Track 216', 216, 161278, 'Static Signal 819', 7902622, 0.77),
  (217, 'Track 217', 217, 345963, 'Digital Crimson 921', 23871447, 1.23),
  (218, 'Track 218', 218, 368183, 'Digital Echo 387', 22459163, 0.80),
  (219, 'Track 219', 219, 185169, 'Mirror Nova 632', 9999126, 1.13),
  (220, 'Track 220', 220, 387629, 'Digital Nova 135', 16280418, 1.37),
  (221, 'Track 221', 221, 230455, 'Prism Quartz 390', 15440485, 1.21),
  (222, 'Track 222', 222, 149907, 'Static Velvet 185', 9144327, 1.44),
  (223, 'Track 223', 223, 192360, 'Signal Mirror 343', 8079120, 1.15),
  (224, 'Track 224', 224, 333317, 'Solar Crimson 367', 22332239, 0.88),
  (225, 'Track 225', 225, 329080, 'Static Quartz 314', 25010080, 1.05),
  (226, 'Track 226', 226, 394504, 'Atlas Fable 682', 21303216, 0.79),
  (227, 'Track 227', 227, 408373, 'Static Static 374', 31036348, 1.25),
  (228, 'Track 228', 228, 367575, 'Golden Solar 283', 21319350, 0.81),
  (229, 'Track 229', 229, 320241, 'Neon Velvet 418', 16652532, 0.81),
  (230, 'Track 230', 230, 236961, 'Prism Paper 96', 14691582, 1.13),
  (231, 'Track 231', 231, 233260, 'Indigo Velvet 675', 11896260, 1.28),
  (232, 'Track 232', 232, 223617, 'Prism Paper 96', 12522552, 1.00),
  (233, 'Track 233', 233, 232560, 'Atlas Orbit 932', 14883840, 1.42),
  (234, 'Track 234', 234, 381719, 'Paper Orbit 588', 15268760, 1.23),
  (235, 'Track 235', 235, 419004, 'Paper Orbit 588', 31425300, 1.08),
  (236, 'Track 236', 236, 127132, 'Signal Horizon 88', 5593808, 1.15),
  (237, 'Track 237', 237, 197617, 'Paper Digital 704', 13437956, 1.11),
  (238, 'Track 238', 238, 202771, 'Signal Crimson 842', 14193970, 1.47),
  (239, 'Track 239', 239, 250211, 'Crimson Marble 633', 16263715, 1.32),
  (240, 'Track 240', 240, 327156, 'Velvet Digital 568', 23555232, 0.70),
  (241, 'Track 241', 241, 360279, 'Golden Nova 994', 26660646, 0.96),
  (242, 'Track 242', 242, 178416, 'Signal Echo 85', 11953872, 1.10),
  (243, 'Track 243', 243, 361320, 'Atlas Horizon 59', 15898080, 0.90),
  (244, 'Track 244', 244, 333995, 'Neon Golden 467', 16699750, 0.75),
  (245, 'Track 245', 245, 266461, 'Horizon Velvet 719', 15721199, 0.90),
  (246, 'Track 246', 246, 391936, 'Digital Crimson 297', 27043584, 1.25),
  (247, 'Track 247', 247, 197620, 'Solar Atlas 385', 9683380, 1.14),
  (248, 'Track 248', 248, 378458, 'Paper Crimson 263', 26113602, 0.76),
  (249, 'Track 249', 249, 378010, 'Solar Static 98', 21924580, 1.26),
  (250, 'Track 250', 250, 372902, 'Solar Marble 671', 27967650, 1.14),
  (251, 'Track 251', 251, 158572, 'Static Quartz 983', 6660024, 1.46),
  (252, 'Track 252', 252, 245967, 'Golden Prism 783', 9838680, 1.01),
  (253, 'Track 253', 253, 264204, 'Crimson Quartz 649', 19551096, 0.70),
  (254, 'Track 254', 254, 139487, 'Horizon Static 887', 6555889, 1.11),
  (255, 'Track 255', 255, 333927, 'Solar Indigo 280', 23708817, 0.70),
  (256, 'Track 256', 256, 188221, 'Quartz Golden 112', 8846387, 1.29),
  (257, 'Track 257', 257, 143550, 'Orbit Marble 103', 8469450, 1.25),
  (258, 'Track 258', 258, 323732, 'Solar Golden 992', 12949280, 1.13),
  (259, 'Track 259', 259, 329758, 'Horizon Neon 693', 19455722, 1.42),
  (260, 'Track 260', 260, 240035, 'Digital Quartz 678', 17042485, 0.90),
  (261, 'Track 261', 261, 187436, 'Crimson Nova 169', 11995904, 0.79),
  (262, 'Track 262', 262, 410175, 'Prism Signal 42', 29942775, 1.13),
  (263, 'Track 263', 263, 178633, 'Solar Golden 662', 13933374, 0.81),
  (264, 'Track 264', 264, 333901, 'Marble Prism 922', 26044278, 1.01),
  (265, 'Track 265', 265, 193126, 'Marble Orbit 936', 9076922, 0.97),
  (266, 'Track 266', 266, 316422, 'Velvet Nova 350', 20883852, 0.98),
  (267, 'Track 267', 267, 272656, 'Nova Fable 722', 14450768, 0.82),
  (268, 'Track 268', 268, 126865, 'Golden Digital 23', 5582060, 0.80),
  (269, 'Track 269', 269, 170635, 'Signal Nova 713', 11944450, 1.31),
  (270, 'Track 270', 270, 330598, 'Echo Golden 603', 19174684, 1.31),
  (271, 'Track 271', 271, 155523, 'Echo Golden 187', 11042133, 0.79),
  (272, 'Track 272', 272, 128010, 'Fable Orbit 130', 7552590, 1.33),
  (273, 'Track 273', 273, 141698, 'Static Marble 415', 8785276, 0.93),
  (274, 'Track 274', 274, 173631, 'Signal Static 172', 9723336, 1.09),
  (275, 'Track 275', 275, 188929, 'Static Digital 225', 10391095, 0.78),
  (276, 'Track 276', 276, 133946, 'Prism Neon 839', 5625732, 1.10),
  (277, 'Track 277', 277, 168568, 'Digital Signal 245', 9945512, 0.89),
  (278, 'Track 278', 278, 196840, 'Fable Echo 342', 9448320, 1.23),
  (279, 'Track 279', 279, 286439, 'Horizon Digital 488', 19764291, 0.94),
  (280, 'Track 280', 280, 189850, 'Golden Paper 421', 13479350, 1.33),
  (281, 'Track 281', 281, 334370, 'Fable Nova 860', 18390350, 1.18),
  (282, 'Track 282', 282, 171038, 'Velvet Marble 93', 9920204, 0.80),
  (283, 'Track 283', 283, 121025, 'Paper Atlas 808', 8229700, 1.06),
  (284, 'Track 284', 284, 214993, 'Crimson Mirror 442', 14619524, 0.82),
  (285, 'Track 285', 285, 358790, 'Atlas Signal 590', 14351600, 0.86),
  (286, 'Track 286', 286, 186489, 'Paper Static 6', 14173164, 1.07),
  (287, 'Track 287', 287, 279212, 'Neon Velvet 828', 15356660, 1.22),
  (288, 'Track 288', 288, 381018, 'Orbit Paper 574', 19812936, 0.78),
  (289, 'Track 289', 289, 363058, 'Signal Fable 898', 18152900, 1.21),
  (290, 'Track 290', 290, 324532, 'Static Static 374', 22717240, 0.96),
  (291, 'Track 291', 291, 184304, 'Golden Prism 783', 10321024, 1.40),
  (292, 'Track 292', 292, 306456, 'Echo Quartz 815', 12258240, 1.33),
  (293, 'Track 293', 293, 344822, 'Solar Solar 447', 26206472, 1.03),
  (294, 'Track 294', 294, 412756, 'Quartz Signal 984', 31782212, 0.82),
  (295, 'Track 295', 295, 138087, 'Prism Paper 751', 6490089, 1.37),
  (296, 'Track 296', 296, 317749, 'Paper Orbit 406', 20018187, 1.14),
  (297, 'Track 297', 297, 236253, 'Golden Indigo 247', 18663987, 1.27),
  (298, 'Track 298', 298, 312873, 'Neon Static 976', 25029840, 0.91),
  (299, 'Track 299', 299, 134630, 'Signal Signal 716', 7135390, 0.74),
  (300, 'Track 300', 300, 224963, 'Mirror Neon 561', 12372965, 1.11),
  (301, 'Track 301', 301, 159355, 'Fable Crimson 854', 7649040, 0.85),
  (302, 'Track 302', 302, 291667, 'Echo Golden 509', 13125015, 1.29),
  (303, 'Track 303', 303, 352478, 'Prism Quartz 478', 18681334, 1.06),
  (304, 'Track 304', 304, 183702, 'Crimson Golden 352', 13593948, 1.15),
  (305, 'Track 305', 305, 228241, 'Signal Orbit 26', 17574557, 1.26),
  (306, 'Track 306', 306, 204510, 'Solar Fable 205', 8793930, 0.79),
  (307, 'Track 307', 307, 182760, 'Velvet Crimson 939', 8041440, 0.92),
  (308, 'Track 308', 308, 266783, 'Digital Golden 156', 17607678, 1.32),
  (309, 'Track 309', 309, 305951, 'Neon Signal 170', 17133256, 1.19),
  (310, 'Track 310', 310, 314769, 'Fable Fable 449', 22663368, 0.93),
  (311, 'Track 311', 311, 290159, 'Mirror Indigo 64', 12766996, 1.37),
  (312, 'Track 312', 312, 324384, 'Marble Velvet 901', 13624128, 0.92),
  (313, 'Track 313', 313, 259383, 'Indigo Signal 629', 15562980, 1.43),
  (314, 'Track 314', 314, 191807, 'Atlas Echo 714', 13234683, 1.17),
  (315, 'Track 315', 315, 232095, 'Fable Golden 634', 17407125, 1.35),
  (316, 'Track 316', 316, 215628, 'Digital Indigo 870', 10350144, 1.43),
  (317, 'Track 317', 317, 259773, 'Digital Neon 769', 20002521, 1.05),
  (318, 'Track 318', 318, 316773, 'Signal Neon 211', 13938012, 1.31),
  (319, 'Track 319', 319, 380183, 'Signal Signal 78', 26612810, 1.25),
  (320, 'Track 320', 320, 272248, 'Orbit Mirror 403', 20963096, 0.98),
  (321, 'Track 321', 321, 407174, 'Quartz Nova 354', 31759572, 1.27),
  (322, 'Track 322', 322, 197266, 'Signal Velvet 476', 12427758, 1.02),
  (323, 'Track 323', 323, 206784, 'Paper Orbit 406', 10132416, 1.30),
  (324, 'Track 324', 324, 291402, 'Horizon Fable 850', 13113090, 1.21),
  (325, 'Track 325', 325, 384107, 'Golden Paper 825', 26119276, 1.20),
  (326, 'Track 326', 326, 384915, 'Prism Horizon 610', 22709985, 1.39),
  (327, 'Track 327', 327, 352162, 'Digital Mirror 851', 25707826, 0.95),
  (328, 'Track 328', 328, 414483, 'Digital Mirror 721', 32329674, 0.87),
  (329, 'Track 329', 329, 314996, 'Atlas Orbit 738', 24569688, 1.27),
  (330, 'Track 330', 330, 204410, 'Quartz Signal 309', 13491060, 1.02),
  (331, 'Track 331', 331, 361792, 'Neon Solar 360', 22792896, 0.88),
  (332, 'Track 332', 332, 131896, 'Fable Atlas 381', 7122384, 1.03),
  (333, 'Track 333', 333, 338298, 'Horizon Orbit 251', 18944688, 1.21),
  (334, 'Track 334', 334, 190249, 'Paper Neon 17', 13697928, 0.70),
  (335, 'Track 335', 335, 388010, 'Solar Horizon 612', 24444630, 1.31),
  (336, 'Track 336', 336, 307492, 'Atlas Atlas 821', 20294472, 1.04),
  (337, 'Track 337', 337, 159984, 'Quartz Orbit 857', 8639136, 0.78),
  (338, 'Track 338', 338, 386476, 'Indigo Paper 189', 23961512, 1.29),
  (339, 'Track 339', 339, 292457, 'Mirror Nova 37', 22519189, 1.15),
  (340, 'Track 340', 340, 148929, 'Horizon Velvet 560', 6106089, 1.20),
  (341, 'Track 341', 341, 416399, 'Crimson Crimson 480', 19154354, 1.37),
  (342, 'Track 342', 342, 199158, 'Orbit Paper 36', 9758742, 0.91),
  (343, 'Track 343', 343, 400296, 'Neon Mirror 239', 24017760, 1.11),
  (344, 'Track 344', 344, 134018, 'Fable Nova 860', 9917332, 1.32),
  (345, 'Track 345', 345, 233532, 'Static Marble 889', 17748432, 1.08),
  (346, 'Track 346', 346, 163274, 'Signal Golden 66', 7837152, 1.33),
  (347, 'Track 347', 347, 228863, 'Digital Echo 246', 15333821, 0.76),
  (348, 'Track 348', 348, 309494, 'Neon Nova 881', 23831038, 0.92),
  (349, 'Track 349', 349, 280788, 'Digital Static 776', 17970432, 1.43),
  (350, 'Track 350', 350, 155208, 'Crimson Signal 598', 6829152, 1.16),
  (351, 'Track 351', 351, 396475, 'Velvet Horizon 838', 25770875, 1.04),
  (352, 'Track 352', 352, 354089, 'Echo Neon 281', 21953518, 1.16),
  (353, 'Track 353', 353, 184820, 'Digital Indigo 870', 10904380, 1.27),
  (354, 'Track 354', 354, 373416, 'Marble Velvet 347', 21658128, 0.98),
  (355, 'Track 355', 355, 292383, 'Mirror Paper 65', 17542980, 1.21),
  (356, 'Track 356', 356, 231067, 'Velvet Orbit 575', 15481489, 1.20),
  (357, 'Track 357', 357, 356617, 'Quartz Indigo 742', 22823488, 0.74),
  (358, 'Track 358', 358, 254393, 'Mirror Indigo 221', 11447685, 0.73),
  (359, 'Track 359', 359, 170620, 'Static Atlas 9', 8360380, 0.88),
  (360, 'Track 360', 360, 211136, 'Horizon Paper 490', 16890880, 1.15),
  (361, 'Track 361', 361, 259612, 'Fable Horizon 83', 16355556, 1.34),
  (362, 'Track 362', 362, 381657, 'Echo Marble 986', 15266280, 0.82),
  (363, 'Track 363', 363, 202289, 'Crimson Mirror 681', 11530473, 1.21),
  (364, 'Track 364', 364, 302084, 'Velvet Marble 93', 12083360, 1.23),
  (365, 'Track 365', 365, 390603, 'Nova Quartz 864', 20311356, 1.35),
  (366, 'Track 366', 366, 391691, 'Horizon Velvet 560', 27810061, 0.83),
  (367, 'Track 367', 367, 316934, 'Nova Neon 665', 22819248, 1.24),
  (368, 'Track 368', 368, 122859, 'Orbit Paper 36', 7494399, 0.86),
  (369, 'Track 369', 369, 409949, 'Nova Orbit 991', 18857654, 0.76),
  (370, 'Track 370', 370, 357109, 'Golden Golden 196', 22497867, 1.47),
  (371, 'Track 371', 371, 177065, 'Neon Fable 607', 10269770, 1.14),
  (372, 'Track 372', 372, 284681, 'Paper Indigo 900', 20781713, 1.11),
  (373, 'Track 373', 373, 176931, 'Signal Prism 298', 7608033, 1.21),
  (374, 'Track 374', 374, 357391, 'Marble Neon 896', 25374761, 1.37),
  (375, 'Track 375', 375, 205361, 'Neon Paper 709', 16223519, 0.77),
  (376, 'Track 376', 376, 183069, 'Echo Paper 623', 8238105, 1.32),
  (377, 'Track 377', 377, 291996, 'Horizon Orbit 375', 16351776, 0.86),
  (378, 'Track 378', 378, 150435, 'Mirror Horizon 138', 7973055, 0.98),
  (379, 'Track 379', 379, 122578, 'Indigo Quartz 222', 7354680, 0.69),
  (380, 'Track 380', 380, 195021, 'Solar Golden 766', 12676365, 1.32),
  (381, 'Track 381', 381, 137261, 'Echo Quartz 815', 7549355, 1.13),
  (382, 'Track 382', 382, 291044, 'Quartz Digital 998', 22119344, 0.78),
  (383, 'Track 383', 383, 203626, 'Quartz Indigo 812', 13439316, 1.04),
  (384, 'Track 384', 384, 154148, 'Fable Digital 49', 8169844, 1.05),
  (385, 'Track 385', 385, 359619, 'Golden Paper 421', 24813711, 0.76),
  (386, 'Track 386', 386, 157799, 'Paper Paper 469', 12466121, 1.29),
  (387, 'Track 387', 387, 367565, 'Signal Static 666', 26464680, 1.42),
  (388, 'Track 388', 388, 303336, 'Indigo Signal 629', 18200160, 1.46),
  (389, 'Track 389', 389, 293786, 'Horizon Golden 209', 22327736, 1.37),
  (390, 'Track 390', 390, 243352, 'Neon Orbit 663', 15574528, 1.20),
  (391, 'Track 391', 391, 384667, 'Golden Nova 434', 20002684, 1.44),
  (392, 'Track 392', 392, 208082, 'Solar Static 741', 8947526, 1.48),
  (393, 'Track 393', 393, 132577, 'Atlas Indigo 388', 5435657, 1.26),
  (394, 'Track 394', 394, 276380, 'Horizon Fable 229', 14095380, 0.74),
  (395, 'Track 395', 395, 387466, 'Horizon Neon 58', 28672484, 1.41),
  (396, 'Track 396', 396, 183232, 'Digital Indigo 765', 9711296, 1.38),
  (397, 'Track 397', 397, 294297, 'Mirror Neon 53', 17069226, 1.43),
  (398, 'Track 398', 398, 262346, 'Atlas Signal 590', 18626566, 1.19),
  (399, 'Track 399', 399, 356084, 'Fable Golden 255', 28486720, 0.96),
  (400, 'Track 400', 400, 200642, 'Crimson Fable 844', 9430174, 1.00),
  (401, 'Track 401', 401, 353243, 'Orbit Fable 566', 24373767, 0.93),
  (402, 'Track 402', 402, 325547, 'Orbit Solar 61', 20509461, 1.46),
  (403, 'Track 403', 403, 159177, 'Nova Velvet 777', 6367080, 0.92),
  (404, 'Track 404', 404, 295802, 'Neon Orbit 663', 18043922, 0.72),
  (405, 'Track 405', 405, 373607, 'Crimson Golden 352', 29141346, 1.42),
  (406, 'Track 406', 406, 335707, 'Velvet Horizon 427', 25513732, 0.92),
  (407, 'Track 407', 407, 236767, 'Prism Prism 62', 14442787, 1.43),
  (408, 'Track 408', 408, 302767, 'Quartz Paper 445', 16652185, 1.17),
  (409, 'Track 409', 409, 316972, 'Signal Signal 178', 25357760, 1.49),
  (410, 'Track 410', 410, 401138, 'Nova Atlas 608', 17248934, 1.11),
  (411, 'Track 411', 411, 291841, 'Horizon Static 887', 18385983, 1.22),
  (412, 'Track 412', 412, 269591, 'Echo Marble 284', 17253824, 1.26),
  (413, 'Track 413', 413, 326382, 'Signal Signal 784', 17298246, 1.15),
  (414, 'Track 414', 414, 353922, 'Digital Static 776', 16280412, 1.18),
  (415, 'Track 415', 415, 153917, 'Paper Crimson 747', 11235941, 1.09),
  (416, 'Track 416', 416, 413610, 'Quartz Static 338', 27298260, 0.87),
  (417, 'Track 417', 417, 275600, 'Digital Velvet 519', 14331200, 1.07),
  (418, 'Track 418', 418, 129603, 'Static Static 529', 6609753, 1.33),
  (419, 'Track 419', 419, 417555, 'Static Paper 826', 16702200, 0.93),
  (420, 'Track 420', 420, 213041, 'Indigo Quartz 140', 16830239, 0.81),
  (421, 'Track 421', 421, 386780, 'Fable Signal 620', 17018320, 1.34),
  (422, 'Track 422', 422, 186057, 'Static Neon 171', 8744679, 1.44),
  (423, 'Track 423', 423, 379967, 'Static Echo 770', 21278152, 1.10),
  (424, 'Track 424', 424, 400072, 'Static Digital 225', 27604968, 1.18),
  (425, 'Track 425', 425, 150490, 'Atlas Digital 914', 7374010, 1.04),
  (426, 'Track 426', 426, 149975, 'Static Crimson 253', 11998000, 1.07),
  (427, 'Track 427', 427, 364839, 'Nova Fable 774', 29187120, 0.92),
  (428, 'Track 428', 428, 266706, 'Mirror Solar 505', 20803068, 1.48),
  (429, 'Track 429', 429, 148862, 'Digital Echo 377', 6698790, 0.77),
  (430, 'Track 430', 430, 360876, 'Golden Solar 283', 23456940, 1.01),
  (431, 'Track 431', 431, 249709, 'Prism Solar 672', 13484286, 0.96),
  (432, 'Track 432', 432, 262966, 'Atlas Velvet 454', 14989062, 1.43),
  (433, 'Track 433', 433, 375113, 'Nova Quartz 305', 15379633, 0.96),
  (434, 'Track 434', 434, 417046, 'Golden Mirror 869', 24188668, 1.26),
  (435, 'Track 435', 435, 203083, 'Paper Paper 947', 9747984, 1.16),
  (436, 'Track 436', 436, 216198, 'Static Fable 164', 9080316, 1.40),
  (437, 'Track 437', 437, 403176, 'Neon Solar 497', 24593736, 0.78),
  (438, 'Track 438', 438, 246432, 'Fable Quartz 174', 13307328, 1.06),
  (439, 'Track 439', 439, 216484, 'Golden Crimson 188', 15153880, 0.72),
  (440, 'Track 440', 440, 157951, 'Quartz Echo 428', 9161158, 1.06),
  (441, 'Track 441', 441, 295219, 'Fable Atlas 381', 16532264, 0.72),
  (442, 'Track 442', 442, 388992, 'Paper Prism 996', 19449600, 1.28),
  (443, 'Track 443', 443, 237837, 'Atlas Marble 332', 10940502, 0.96),
  (444, 'Track 444', 444, 161227, 'Quartz Crimson 479', 11608344, 1.11),
  (445, 'Track 445', 445, 374499, 'Marble Prism 771', 23218938, 1.45),
  (446, 'Track 446', 446, 395561, 'Solar Marble 329', 26898148, 0.76),
  (447, 'Track 447', 447, 362256, 'Static Mirror 270', 15214752, 1.22),
  (448, 'Track 448', 448, 304381, 'Golden Digital 23', 12479621, 1.43),
  (449, 'Track 449', 449, 258988, 'Neon Mirror 692', 17093208, 1.24),
  (450, 'Track 450', 450, 294829, 'Atlas Fable 5', 21227688, 1.01),
  (451, 'Track 451', 451, 267436, 'Neon Golden 467', 20325136, 1.41),
  (452, 'Track 452', 452, 317718, 'Paper Horizon 71', 13026438, 0.88),
  (453, 'Track 453', 453, 251120, 'Orbit Solar 339', 17578400, 1.12),
  (454, 'Track 454', 454, 336242, 'Paper Indigo 141', 26563118, 1.49),
  (455, 'Track 455', 455, 208050, 'Orbit Static 30', 13523250, 1.22),
  (456, 'Track 456', 456, 328409, 'Velvet Golden 611', 24959084, 0.93),
  (457, 'Track 457', 457, 259400, 'Static Echo 409', 15045200, 0.84),
  (458, 'Track 458', 458, 167482, 'Quartz Signal 576', 9881438, 0.90),
  (459, 'Track 459', 459, 348153, 'Atlas Indigo 388', 17407650, 0.82),
  (460, 'Track 460', 460, 378112, 'Fable Fable 449', 21552384, 0.93),
  (461, 'Track 461', 461, 183137, 'Neon Digital 57', 13185864, 1.03),
  (462, 'Track 462', 462, 228176, 'Static Velvet 185', 12777856, 0.77),
  (463, 'Track 463', 463, 390457, 'Orbit Velvet 90', 26941533, 1.43),
  (464, 'Track 464', 464, 392350, 'Marble Quartz 999', 25110400, 1.11),
  (465, 'Track 465', 465, 401257, 'Paper Paper 580', 16451537, 1.26),
  (466, 'Track 466', 466, 396463, 'Nova Indigo 569', 21012539, 0.85),
  (467, 'Track 467', 467, 153212, 'Paper Paper 469', 7200964, 1.20),
  (468, 'Track 468', 468, 383635, 'Digital Marble 378', 29923530, 1.00),
  (469, 'Track 469', 469, 164502, 'Crimson Orbit 577', 8389602, 1.13),
  (470, 'Track 470', 470, 158587, 'Nova Nova 410', 7295002, 1.20),
  (471, 'Track 471', 471, 165502, 'Neon Horizon 731', 10261124, 1.48),
  (472, 'Track 472', 472, 327364, 'Paper Nova 404', 21278660, 1.44),
  (473, 'Track 473', 473, 376350, 'Golden Indigo 247', 16559400, 1.17),
  (474, 'Track 474', 474, 364896, 'Marble Velvet 901', 28096992, 1.04),
  (475, 'Track 475', 475, 328333, 'Static Quartz 248', 14774985, 0.94),
  (476, 'Track 476', 476, 192048, 'Golden Prism 893', 12483120, 1.15),
  (477, 'Track 477', 477, 219620, 'Crimson Golden 486', 14494920, 0.85),
  (478, 'Track 478', 478, 217498, 'Horizon Digital 661', 15442358, 1.34),
  (479, 'Track 479', 479, 226895, 'Horizon Digital 361', 11117855, 0.88),
  (480, 'Track 480', 480, 224914, 'Nova Marble 993', 11470614, 0.95),
  (481, 'Track 481', 481, 291963, 'Velvet Solar 398', 13430298, 1.02),
  (482, 'Track 482', 482, 279912, 'Golden Static 874', 13995600, 1.08),
  (483, 'Track 483', 483, 164548, 'Solar Crimson 667', 11682908, 1.39),
  (484, 'Track 484', 484, 220333, 'Paper Indigo 900', 16965641, 0.90),
  (485, 'Track 485', 485, 390418, 'Crimson Solar 539', 30843022, 1.12),
  (486, 'Track 486', 486, 335943, 'Orbit Crimson 712', 26203554, 1.16),
  (487, 'Track 487', 487, 288999, 'Solar Crimson 667', 15894945, 1.14),
  (488, 'Track 488', 488, 241651, 'Neon Horizon 875', 18123825, 1.07),
  (489, 'Track 489', 489, 137213, 'Neon Orbit 817', 10290975, 1.08),
  (490, 'Track 490', 490, 227444, 'Indigo Horizon 969', 11144756, 1.10),
  (491, 'Track 491', 491, 400012, 'Marble Velvet 347', 17600528, 1.02),
  (492, 'Track 492', 492, 366953, 'Neon Solar 360', 20549368, 0.86),
  (493, 'Track 493', 493, 152305, 'Nova Fable 722', 6701420, 1.39),
  (494, 'Track 494', 494, 391546, 'Velvet Orbit 575', 22709668, 1.36),
  (495, 'Track 495', 495, 338226, 'Quartz Crimson 479', 23337594, 1.40),
  (496, 'Track 496', 496, 219904, 'Solar Indigo 280', 12534528, 0.82),
  (497, 'Track 497', 497, 336550, 'Golden Paper 421', 20193000, 1.46),
  (498, 'Track 498', 498, 331442, 'Echo Marble 755', 16572100, 0.94),
  (499, 'Track 499', 499, 284384, 'Signal Atlas 336', 13366048, 0.81),
  (500, 'Track 500', 500, 129113, 'Nova Neon 665', 6584763, 0.85);

INSERT INTO tracks (track_id, name, album_id, milliseconds, composer, bytes, price) VALUES
  (501, 'Track 501', 501, 148018, 'Prism Static 412', 6956846, 0.78),
  (502, 'Track 502', 502, 132322, 'Static Quartz 456', 7145388, 0.86),
  (503, 'Track 503', 503, 124719, 'Signal Digital 685', 7607859, 1.01),
  (504, 'Track 504', 504, 249223, 'Static Velvet 185', 15701049, 1.16),
  (505, 'Track 505', 505, 292043, 'Marble Horizon 641', 13141935, 0.74),
  (506, 'Track 506', 506, 316037, 'Fable Fable 824', 18962220, 1.31),
  (507, 'Track 507', 507, 264588, 'Golden Signal 965', 10848108, 1.11),
  (508, 'Track 508', 508, 365937, 'Neon Crimson 941', 19394661, 1.05),
  (509, 'Track 509', 509, 199064, 'Atlas Crimson 961', 15128864, 1.41),
  (510, 'Track 510', 510, 238331, 'Paper Static 6', 11201557, 0.75),
  (511, 'Track 511', 511, 304338, 'Fable Nova 860', 20694984, 0.85),
  (512, 'Track 512', 512, 218773, 'Crimson Neon 756', 9407239, 1.44),
  (513, 'Track 513', 513, 218793, 'Orbit Paper 574', 11596029, 1.26),
  (514, 'Track 514', 514, 275392, 'Marble Prism 335', 11291072, 1.11),
  (515, 'Track 515', 515, 188087, 'Paper Orbit 406', 11285220, 0.90),
  (516, 'Track 516', 516, 159590, 'Paper Velvet 833', 10373350, 0.86),
  (517, 'Track 517', 517, 356432, 'Marble Static 496', 27445264, 1.31),
  (518, 'Track 518', 518, 218407, 'Signal Crimson 842', 14414862, 0.72),
  (519, 'Track 519', 519, 200268, 'Digital Nova 985', 12016080, 1.09),
  (520, 'Track 520', 520, 364975, 'Nova Nova 410', 15328950, 1.01),
  (521, 'Track 521', 521, 170164, 'Atlas Solar 790', 13613120, 0.88),
  (522, 'Track 522', 522, 237336, 'Quartz Fable 401', 10442784, 1.14),
  (523, 'Track 523', 523, 393580, 'Echo Solar 438', 24795540, 1.41),
  (524, 'Track 524', 524, 247896, 'Neon Indigo 594', 17600616, 1.21),
  (525, 'Track 525', 525, 341809, 'Marble Horizon 641', 26319293, 1.43),
  (526, 'Track 526', 526, 261678, 'Digital Nova 119', 19887528, 0.84),
  (527, 'Track 527', 527, 191145, 'Mirror Paper 333', 14144730, 0.71),
  (528, 'Track 528', 528, 377294, 'Solar Quartz 948', 18864700, 0.86),
  (529, 'Track 529', 529, 164174, 'Static Quartz 481', 12477224, 1.33),
  (530, 'Track 530', 530, 134593, 'Static Golden 491', 7268022, 0.89),
  (531, 'Track 531', 531, 192350, 'Atlas Fable 775', 14810950, 0.95),
  (532, 'Track 532', 532, 163078, 'Digital Atlas 528', 7175432, 1.44),
  (533, 'Track 533', 533, 409993, 'Orbit Golden 321', 17629699, 1.10),
  (534, 'Track 534', 534, 176627, 'Prism Neon 917', 12893771, 1.45),
  (535, 'Track 535', 535, 176211, 'Echo Golden 786', 9867816, 1.30),
  (536, 'Track 536', 536, 152078, 'Horizon Signal 554', 8516368, 1.21),
  (537, 'Track 537', 537, 327890, 'Static Neon 599', 22624410, 0.85),
  (538, 'Track 538', 538, 144737, 'Velvet Velvet 34', 8828957, 0.99),
  (539, 'Track 539', 539, 173755, 'Orbit Solar 339', 11989095, 1.04),
  (540, 'Track 540', 540, 402123, 'Paper Paper 947', 29757102, 1.24),
  (541, 'Track 541', 541, 154020, 'Static Echo 409', 10473360, 1.20),
  (542, 'Track 542', 542, 340999, 'Orbit Echo 408', 25574925, 0.80),
  (543, 'Track 543', 543, 179875, 'Neon Nova 881', 8813875, 0.88),
  (544, 'Track 544', 544, 173549, 'Solar Marble 329', 13536822, 1.16),
  (545, 'Track 545', 545, 250778, 'Static Fable 514', 17052904, 0.82),
  (546, 'Track 546', 546, 366649, 'Fable Fable 379', 22732238, 0.77),
  (547, 'Track 547', 547, 358731, 'Horizon Orbit 320', 18654012, 1.13),
  (548, 'Track 548', 548, 417953, 'Mirror Nova 37', 28002851, 1.39),
  (549, 'Track 549', 549, 143598, 'Neon Mirror 584', 10195458, 0.90),
  (550, 'Track 550', 550, 211113, 'Nova Paper 591', 16889040, 1.39),
  (551, 'Track 551', 551, 392818, 'Fable Golden 255', 29461350, 0.89),
  (552, 'Track 552', 552, 308206, 'Paper Mirror 228', 22190832, 0.73),
  (553, 'Track 553', 553, 287979, 'Crimson Paper 820', 14974908, 1.38),
  (554, 'Track 554', 554, 175677, 'Horizon Golden 487', 7554111, 1.09),
  (555, 'Track 555', 555, 419680, 'Fable Neon 261', 20144640, 0.83),
  (556, 'Track 556', 556, 319963, 'Neon Mirror 239', 16318113, 1.08),
  (557, 'Track 557', 557, 372644, 'Nova Quartz 864', 26830368, 1.02),
  (558, 'Track 558', 558, 352077, 'Paper Neon 17', 19012158, 1.17),
  (559, 'Track 559', 559, 362027, 'Horizon Signal 168', 14843107, 0.92),
  (560, 'Track 560', 560, 160312, 'Echo Prism 391', 8175912, 1.29),
  (561, 'Track 561', 561, 215725, 'Mirror Nova 632', 9491900, 1.35),
  (562, 'Track 562', 562, 316364, 'Atlas Paper 79', 22778208, 1.08),
  (563, 'Track 563', 563, 212750, 'Mirror Orbit 118', 13828750, 1.25),
  (564, 'Track 564', 564, 193054, 'Echo Echo 414', 13513780, 1.11),
  (565, 'Track 565', 565, 404988, 'Nova Crimson 858', 27539184, 1.30),
  (566, 'Track 566', 566, 154735, 'Indigo Atlas 526', 6498870, 0.83),
  (567, 'Track 567', 567, 370777, 'Velvet Orbit 206', 16314188, 1.46),
  (568, 'Track 568', 568, 347907, 'Velvet Atlas 861', 22961862, 0.84),
  (569, 'Track 569', 569, 391019, 'Signal Signal 47', 23852159, 1.49),
  (570, 'Track 570', 570, 320340, 'Nova Fable 177', 18579720, 1.14),
  (571, 'Track 571', 571, 238452, 'Neon Velvet 597', 14068668, 1.30),
  (572, 'Track 572', 572, 212897, 'Echo Golden 187', 10219056, 1.28),
  (573, 'Track 573', 573, 122557, 'Crimson Nova 169', 4902280, 0.81),
  (574, 'Track 574', 574, 137534, 'Echo Digital 260', 8114506, 1.18),
  (575, 'Track 575', 575, 138302, 'Mirror Paper 333', 7883214, 1.42),
  (576, 'Track 576', 576, 225373, 'Indigo Nova 292', 12620888, 0.72),
  (577, 'Track 577', 577, 206442, 'Signal Horizon 117', 12592962, 0.77),
  (578, 'Track 578', 578, 132579, 'Fable Neon 227', 7954740, 1.03),
  (579, 'Track 579', 579, 146832, 'Quartz Marble 238', 7782096, 1.46),
  (580, 'Track 580', 580, 355340, 'Orbit Indigo 937', 26650500, 1.44),
  (581, 'Track 581', 581, 339849, 'Digital Marble 697', 16992450, 1.17),
  (582, 'Track 582', 582, 409916, 'Static Fable 514', 29513952, 1.47),
  (583, 'Track 583', 583, 304303, 'Quartz Signal 309', 24039937, 1.32),
  (584, 'Track 584', 584, 198214, 'Horizon Fable 547', 8721416, 0.78),
  (585, 'Track 585', 585, 419322, 'Prism Echo 822', 23482032, 1.26),
  (586, 'Track 586', 586, 176174, 'Paper Paper 691', 13389224, 1.22),
  (587, 'Track 587', 587, 352435, 'Fable Echo 179', 22203405, 1.15),
  (588, 'Track 588', 588, 366360, 'Paper Crimson 107', 23080680, 1.21),
  (589, 'Track 589', 589, 272500, 'Indigo Digital 735', 19892500, 1.01),
  (590, 'Track 590', 590, 261467, 'Echo Marble 986', 15688020, 1.32),
  (591, 'Track 591', 591, 182565, 'Mirror Crimson 489', 9128250, 1.05),
  (592, 'Track 592', 592, 369226, 'Velvet Crimson 115', 15138266, 1.20),
  (593, 'Track 593', 593, 160197, 'Digital Marble 378', 11534184, 1.09),
  (594, 'Track 594', 594, 217915, 'Indigo Paper 2', 15689880, 0.71),
  (595, 'Track 595', 595, 143877, 'Prism Digital 258', 5898957, 1.26),
  (596, 'Track 596', 596, 167382, 'Prism Nova 39', 11381976, 0.73),
  (597, 'Track 597', 597, 212657, 'Nova Solar 694', 11908792, 1.35),
  (598, 'Track 598', 598, 366115, 'Quartz Digital 980', 27092510, 1.19),
  (599, 'Track 599', 599, 155351, 'Horizon Digital 488', 7922901, 0.81),
  (600, 'Track 600', 600, 161552, 'Velvet Crimson 582', 11954848, 1.18),
  (601, 'Track 601', 601, 219286, 'Horizon Marble 805', 16007878, 0.94),
  (602, 'Track 602', 602, 387784, 'Paper Signal 186', 18613632, 0.83),
  (603, 'Track 603', 603, 242751, 'Quartz Nova 354', 11409297, 0.94),
  (604, 'Track 604', 604, 325392, 'Crimson Marble 868', 25380576, 1.06),
  (605, 'Track 605', 605, 333552, 'Paper Digital 940', 20013120, 1.14),
  (606, 'Track 606', 606, 268249, 'Golden Prism 783', 19582177, 1.20),
  (607, 'Track 607', 607, 181023, 'Atlas Crimson 961', 10680357, 1.02),
  (608, 'Track 608', 608, 329582, 'Digital Fable 605', 21093248, 1.17),
  (609, 'Track 609', 609, 120953, 'Neon Paper 709', 6773368, 1.19),
  (610, 'Track 610', 610, 158521, 'Echo Digital 579', 7926050, 0.98),
  (611, 'Track 611', 611, 150201, 'Mirror Quartz 195', 10514070, 1.14),
  (612, 'Track 612', 612, 402630, 'Atlas Signal 537', 27378840, 1.21),
  (613, 'Track 613', 613, 257980, 'Marble Horizon 504', 14188900, 0.73),
  (614, 'Track 614', 614, 186267, 'Nova Fable 722', 13411224, 1.14),
  (615, 'Track 615', 615, 377977, 'Paper Horizon 71', 26836367, 1.21),
  (616, 'Track 616', 616, 256450, 'Crimson Neon 252', 20003100, 1.45),
  (617, 'Track 617', 617, 211326, 'Fable Quartz 174', 13102212, 1.11),
  (618, 'Track 618', 618, 283051, 'Quartz Nova 219', 13586448, 0.72),
  (619, 'Track 619', 619, 419951, 'Neon Static 102', 28556668, 1.28),
  (620, 'Track 620', 620, 207645, 'Horizon Crimson 272', 8305800, 1.39),
  (621, 'Track 621', 621, 219080, 'Velvet Mirror 832', 10515840, 1.28),
  (622, 'Track 622', 622, 283395, 'Paper Fable 163', 14736540, 0.78),
  (623, 'Track 623', 623, 337965, 'Quartz Indigo 197', 23657550, 0.97),
  (624, 'Track 624', 624, 385443, 'Solar Golden 662', 24282909, 0.79),
  (625, 'Track 625', 625, 230998, 'Paper Mirror 243', 13628882, 0.78),
  (626, 'Track 626', 626, 289306, 'Signal Digital 673', 20540726, 1.00),
  (627, 'Track 627', 627, 209966, 'Horizon Crimson 906', 11338164, 1.30),
  (628, 'Track 628', 628, 147685, 'Velvet Neon 567', 6350455, 0.83),
  (629, 'Track 629', 629, 354092, 'Golden Horizon 973', 18412784, 0.81),
  (630, 'Track 630', 630, 213465, 'Quartz Crimson 86', 16863735, 1.32),
  (631, 'Track 631', 631, 133750, 'Horizon Digital 361', 10031250, 1.38),
  (632, 'Track 632', 632, 373533, 'Solar Atlas 32', 22038447, 0.93),
  (633, 'Track 633', 633, 413187, 'Neon Horizon 875', 24791220, 1.15),
  (634, 'Track 634', 634, 187724, 'Neon Crimson 571', 12202060, 1.08),
  (635, 'Track 635', 635, 145025, 'Nova Indigo 76', 6961200, 1.09),
  (636, 'Track 636', 636, 237373, 'Echo Golden 187', 10919158, 0.74),
  (637, 'Track 637', 637, 238327, 'Crimson Echo 150', 10963042, 1.29),
  (638, 'Track 638', 638, 403876, 'Horizon Marble 805', 16155040, 1.12),
  (639, 'Track 639', 639, 327490, 'Solar Fable 725', 19321910, 1.12),
  (640, 'Track 640', 640, 216668, 'Velvet Atlas 861', 15383428, 0.99),
  (641, 'Track 641', 641, 368398, 'Horizon Prism 420', 21735482, 0.78),
  (642, 'Track 642', 642, 399708, 'Indigo Paper 2', 21983940, 1.25),
  (643, 'Track 643', 643, 184626, 'Orbit Neon 111', 13293072, 1.25),
  (644, 'Track 644', 644, 237022, 'Prism Static 944', 18961760, 1.11),
  (645, 'Track 645', 645, 298340, 'Fable Neon 227', 14618660, 1.11),
  (646, 'Track 646', 646, 241129, 'Golden Crimson 910', 10127418, 0.80),
  (647, 'Track 647', 647, 129802, 'Velvet Golden 791', 5711288, 1.16),
  (648, 'Track 648', 648, 323422, 'Atlas Indigo 388', 13583724, 1.08),
  (649, 'Track 649', 649, 389402, 'Quartz Nova 354', 31152160, 1.04),
  (650, 'Track 650', 650, 340531, 'Quartz Indigo 48', 20431860, 1.27),
  (651, 'Track 651', 651, 230534, 'Velvet Digital 568', 13370972, 0.70),
  (652, 'Track 652', 652, 191559, 'Signal Marble 501', 14941602, 0.82),
  (653, 'Track 653', 653, 354321, 'Horizon Atlas 800', 15590124, 0.94),
  (654, 'Track 654', 654, 311394, 'Marble Signal 63', 23977338, 1.28),
  (655, 'Track 655', 655, 256856, 'Static Horizon 967', 19007344, 0.92),
  (656, 'Track 656', 656, 409849, 'Quartz Indigo 197', 24181091, 0.83),
  (657, 'Track 657', 657, 330149, 'Fable Mirror 956', 14526556, 1.00),
  (658, 'Track 658', 658, 262878, 'Digital Quartz 678', 15772680, 0.89),
  (659, 'Track 659', 659, 223341, 'Nova Quartz 305', 15187188, 0.76),
  (660, 'Track 660', 660, 347549, 'Indigo Mirror 659', 17724999, 1.45),
  (661, 'Track 661', 661, 210666, 'Fable Fable 824', 14325288, 0.69),
  (662, 'Track 662', 662, 359353, 'Marble Prism 922', 22998592, 0.98),
  (663, 'Track 663', 663, 392736, 'Prism Neon 647', 15709440, 0.85),
  (664, 'Track 664', 664, 351364, 'Crimson Marble 129', 27055028, 0.70),
  (665, 'Track 665', 665, 259777, 'Paper Crimson 559', 18444167, 1.27),
  (666, 'Track 666', 666, 235392, 'Signal Signal 784', 16242048, 0.83),
  (667, 'Track 667', 667, 136203, 'Signal Echo 85', 6537744, 1.45),
  (668, 'Track 668', 668, 150610, 'Neon Indigo 417', 9488430, 1.32),
  (669, 'Track 669', 669, 284056, 'Velvet Mirror 226', 13918744, 0.81),
  (670, 'Track 670', 670, 145439, 'Signal Indigo 955', 9889852, 1.36),
  (671, 'Track 671', 671, 229572, 'Signal Indigo 181', 16988328, 0.72),
  (672, 'Track 672', 672, 344843, 'Atlas Atlas 821', 24483853, 1.48),
  (673, 'Track 673', 673, 169277, 'Paper Mirror 465', 13372883, 1.44),
  (674, 'Track 674', 674, 366771, 'Digital Nova 159', 26040741, 0.87),
  (675, 'Track 675', 675, 412689, 'Fable Static 988', 27237474, 0.98),
  (676, 'Track 676', 676, 245809, 'Paper Marble 618', 11798832, 0.69),
  (677, 'Track 677', 677, 340290, 'Atlas Nova 11', 16333920, 1.17),
  (678, 'Track 678', 678, 262988, 'Nova Horizon 959', 17620196, 0.93),
  (679, 'Track 679', 679, 319415, 'Static Fable 164', 14054260, 0.77),
  (680, 'Track 680', 680, 345910, 'Horizon Signal 746', 21446420, 1.44),
  (681, 'Track 681', 681, 225870, 'Crimson Golden 389', 14681550, 1.20),
  (682, 'Track 682', 682, 333596, 'Paper Orbit 588', 18014184, 1.09),
  (683, 'Track 683', 683, 418271, 'Atlas Velvet 454', 30533783, 1.16),
  (684, 'Track 684', 684, 199150, 'Nova Atlas 608', 10953250, 1.44),
  (685, 'Track 685', 685, 160089, 'Quartz Echo 680', 12807120, 0.92),
  (686, 'Track 686', 686, 387057, 'Neon Static 102', 16643451, 0.96),
  (687, 'Track 687', 687, 237611, 'Signal Mirror 468', 10930106, 1.29),
  (688, 'Track 688', 688, 314027, 'Signal Paper 259', 22295917, 1.08),
  (689, 'Track 689', 689, 238545, 'Marble Paper 148', 17413785, 1.09),
  (690, 'Track 690', 690, 274453, 'Solar Horizon 612', 14820462, 0.85),
  (691, 'Track 691', 691, 164703, 'Golden Marble 426', 13011537, 0.87),
  (692, 'Track 692', 692, 391759, 'Echo Prism 28', 29381925, 0.98),
  (693, 'Track 693', 693, 258694, 'Static Horizon 836', 13193394, 1.25),
  (694, 'Track 694', 694, 334399, 'Mirror Fable 316', 13710359, 1.39),
  (695, 'Track 695', 695, 160529, 'Nova Fable 774', 11879146, 1.47),
  (696, 'Track 696', 696, 168952, 'Quartz Signal 576', 11319784, 0.80),
  (697, 'Track 697', 697, 248098, 'Paper Indigo 900', 19599742, 0.95),
  (698, 'Track 698', 698, 337903, 'Velvet Orbit 575', 16557247, 0.93),
  (699, 'Track 699', 699, 171353, 'Signal Atlas 630', 10452533, 0.72),
  (700, 'Track 700', 700, 254730, 'Quartz Echo 680', 18340560, 1.09),
  (701, 'Track 701', 701, 220223, 'Signal Orbit 507', 15635833, 1.22),
  (702, 'Track 702', 702, 307580, 'Static Solar 210', 23991240, 1.28),
  (703, 'Track 703', 703, 298578, 'Fable Mirror 867', 23886240, 0.98),
  (704, 'Track 704', 704, 160745, 'Nova Paper 987', 10448425, 1.18),
  (705, 'Track 705', 705, 309124, 'Neon Static 773', 23184300, 0.78),
  (706, 'Track 706', 706, 225171, 'Atlas Nova 11', 11483721, 1.20),
  (707, 'Track 707', 707, 277091, 'Echo Marble 986', 15240005, 1.45),
  (708, 'Track 708', 708, 339043, 'Prism Quartz 845', 14917892, 1.19),
  (709, 'Track 709', 709, 293641, 'Signal Nova 713', 17324819, 1.01),
  (710, 'Track 710', 710, 385324, 'Echo Quartz 815', 28899300, 1.45),
  (711, 'Track 711', 711, 256911, 'Velvet Golden 664', 20295969, 1.34),
  (712, 'Track 712', 712, 246249, 'Marble Neon 896', 17729928, 0.99),
  (713, 'Track 713', 713, 259195, 'Orbit Mirror 200', 13996530, 0.90),
  (714, 'Track 714', 714, 246631, 'Mirror Signal 689', 11591657, 0.81),
  (715, 'Track 715', 715, 196032, 'Fable Paper 981', 13134144, 1.48),
  (716, 'Track 716', 716, 200288, 'Neon Golden 467', 8412096, 0.77),
  (717, 'Track 717', 717, 170246, 'Static Velvet 185', 9533776, 1.10),
  (718, 'Track 718', 718, 261072, 'Neon Quartz 938', 14881104, 0.95),
  (719, 'Track 719', 719, 328115, 'Echo Solar 438', 24280510, 0.80),
  (720, 'Track 720', 720, 183956, 'Static Mirror 270', 11957140, 0.85),
  (721, 'Track 721', 721, 225195, 'Marble Atlas 51', 16889625, 1.14),
  (722, 'Track 722', 722, 415362, 'Static Neon 599', 24921720, 0.75),
  (723, 'Track 723', 723, 419784, 'Horizon Marble 147', 20569416, 1.32),
  (724, 'Track 724', 724, 239868, 'Crimson Echo 150', 11033928, 0.89),
  (725, 'Track 725', 725, 242751, 'Fable Echo 285', 17478072, 0.98),
  (726, 'Track 726', 726, 400324, 'Crimson Golden 389', 27622356, 1.31),
  (727, 'Track 727', 727, 269512, 'Velvet Fable 718', 11858528, 0.71),
  (728, 'Track 728', 728, 365987, 'Digital Golden 848', 17201389, 1.11),
  (729, 'Track 729', 729, 261540, 'Solar Signal 525', 15953940, 1.42),
  (730, 'Track 730', 730, 162174, 'Static Mirror 974', 10216962, 1.43),
  (731, 'Track 731', 731, 227075, 'Mirror Atlas 847', 15441100, 0.88),
  (732, 'Track 732', 732, 392559, 'Paper Paper 106', 17272596, 1.14),
  (733, 'Track 733', 733, 386972, 'Digital Crimson 297', 26314096, 1.48),
  (734, 'Track 734', 734, 237927, 'Digital Mirror 721', 11420496, 0.95),
  (735, 'Track 735', 735, 411148, 'Paper Indigo 900', 21379696, 1.40),
  (736, 'Track 736', 736, 352682, 'Static Static 374', 21513602, 0.74),
  (737, 'Track 737', 737, 374883, 'Paper Neon 81', 26991576, 0.91),
  (738, 'Track 738', 738, 245913, 'Orbit Signal 474', 12295650, 0.93),
  (739, 'Track 739', 739, 229079, 'Orbit Solar 392', 9163160, 1.39),
  (740, 'Track 740', 740, 408618, 'Crimson Solar 855', 27786024, 0.70),
  (741, 'Track 741', 741, 280449, 'Static Echo 472', 21875022, 1.11),
  (742, 'Track 742', 742, 161750, 'Prism Mirror 619', 6955250, 0.76),
  (743, 'Track 743', 743, 388762, 'Orbit Fable 33', 17105528, 0.73),
  (744, 'Track 744', 744, 215611, 'Marble Horizon 504', 12289827, 1.43),
  (745, 'Track 745', 745, 179427, 'Prism Paper 751', 7356507, 1.29),
  (746, 'Track 746', 746, 413828, 'Paper Indigo 818', 23588196, 1.28),
  (747, 'Track 747', 747, 161779, 'Atlas Atlas 821', 7765392, 1.02),
  (748, 'Track 748', 748, 301851, 'Orbit Indigo 853', 14186997, 1.48),
  (749, 'Track 749', 749, 121102, 'Fable Mirror 956', 7145018, 0.74),
  (750, 'Track 750', 750, 167022, 'Fable Mirror 867', 12693672, 1.31),
  (751, 'Track 751', 751, 149545, 'Golden Quartz 549', 11514965, 1.25),
  (752, 'Track 752', 752, 254847, 'Quartz Velvet 876', 15545667, 1.33),
  (753, 'Track 753', 753, 386899, 'Marble Nova 149', 25535334, 1.12),
  (754, 'Track 754', 754, 315162, 'Static Fable 514', 17018748, 0.87),
  (755, 'Track 755', 755, 162317, 'Quartz Indigo 197', 12823043, 1.28),
  (756, 'Track 756', 756, 196404, 'Solar Crimson 367', 11391432, 0.98),
  (757, 'Track 757', 757, 317566, 'Horizon Signal 554', 17783696, 1.46),
  (758, 'Track 758', 758, 306880, 'Neon Echo 982', 23936640, 0.89),
  (759, 'Track 759', 759, 275761, 'Quartz Marble 523', 20406314, 1.07),
  (760, 'Track 760', 760, 300659, 'Indigo Fable 423', 13830314, 0.82),
  (761, 'Track 761', 761, 365225, 'Fable Atlas 381', 26661425, 0.90),
  (762, 'Track 762', 762, 159703, 'Static Marble 570', 10859804, 1.37),
  (763, 'Track 763', 763, 180192, 'Signal Signal 716', 8649216, 1.36),
  (764, 'Track 764', 764, 325546, 'Mirror Horizon 578', 17579484, 0.79),
  (765, 'Track 765', 765, 225936, 'Solar Crimson 531', 12200544, 1.40),
  (766, 'Track 766', 766, 236947, 'Digital Echo 387', 13742926, 0.72),
  (767, 'Track 767', 767, 131622, 'Nova Signal 573', 8555430, 0.78),
  (768, 'Track 768', 768, 181891, 'Digital Digital 636', 8912659, 0.82),
  (769, 'Track 769', 769, 219088, 'Solar Solar 728', 15774336, 0.77),
  (770, 'Track 770', 770, 163643, 'Solar Indigo 696', 11127724, 1.18),
  (771, 'Track 771', 771, 160187, 'Orbit Indigo 853', 8489911, 1.13),
  (772, 'Track 772', 772, 262208, 'Prism Echo 73', 17043520, 1.07),
  (773, 'Track 773', 773, 277160, 'Neon Velvet 597', 15243800, 1.22),
  (774, 'Track 774', 774, 381885, 'Neon Static 92', 17184825, 1.43),
  (775, 'Track 775', 775, 402999, 'Prism Quartz 845', 28612929, 0.88),
  (776, 'Track 776', 776, 368541, 'Mirror Orbit 118', 17321427, 1.26),
  (777, 'Track 777', 777, 367025, 'Horizon Atlas 933', 24590675, 0.88),
  (778, 'Track 778', 778, 255305, 'Marble Static 60', 14552385, 1.01),
  (779, 'Track 779', 779, 184130, 'Echo Marble 216', 11416060, 1.15),
  (780, 'Track 780', 780, 395152, 'Orbit Fable 33', 15806080, 0.96),
  (781, 'Track 781', 781, 272227, 'Static Mirror 615', 10889080, 0.99),
  (782, 'Track 782', 782, 280446, 'Mirror Indigo 213', 15704976, 1.32),
  (783, 'Track 783', 783, 353018, 'Nova Paper 67', 20122026, 1.22),
  (784, 'Track 784', 784, 381089, 'Echo Echo 414', 29343853, 1.32),
  (785, 'Track 785', 785, 156756, 'Velvet Neon 567', 8308068, 1.23),
  (786, 'Track 786', 786, 156575, 'Mirror Golden 52', 8768200, 0.71),
  (787, 'Track 787', 787, 225104, 'Echo Neon 281', 15532176, 1.43),
  (788, 'Track 788', 788, 244285, 'Fable Nova 860', 13435675, 1.09),
  (789, 'Track 789', 789, 375874, 'Prism Quartz 478', 28942298, 0.71),
  (790, 'Track 790', 790, 160821, 'Signal Atlas 336', 10292544, 1.09),
  (791, 'Track 791', 791, 244898, 'Fable Prism 483', 18122452, 1.38),
  (792, 'Track 792', 792, 161099, 'Velvet Nova 350', 11276930, 0.90),
  (793, 'Track 793', 793, 184113, 'Mirror Crimson 10', 12887910, 0.96),
  (794, 'Track 794', 794, 385338, 'Static Mirror 270', 30056364, 0.73),
  (795, 'Track 795', 795, 209538, 'Paper Paper 268', 14458122, 1.07),
  (796, 'Track 796', 796, 415522, 'Indigo Mirror 275', 29917584, 0.95),
  (797, 'Track 797', 797, 128759, 'Neon Fable 75', 6180432, 0.92),
  (798, 'Track 798', 798, 199375, 'Prism Paper 751', 12760000, 0.71),
  (799, 'Track 799', 799, 196336, 'Prism Nova 39', 7853440, 0.84),
  (800, 'Track 800', 800, 324161, 'Horizon Horizon 446', 22042948, 1.03),
  (801, 'Track 801', 801, 371198, 'Mirror Orbit 779', 19673494, 0.75),
  (802, 'Track 802', 802, 183391, 'Atlas Velvet 454', 7335640, 1.26),
  (803, 'Track 803', 803, 121339, 'Fable Golden 493', 6552306, 0.93),
  (804, 'Track 804', 804, 386428, 'Horizon Static 29', 18162116, 1.27),
  (805, 'Track 805', 805, 264248, 'Fable Orbit 657', 17176120, 0.78),
  (806, 'Track 806', 806, 164203, 'Velvet Digital 499', 7881744, 0.74),
  (807, 'Track 807', 807, 165867, 'Neon Horizon 731', 6800547, 1.15),
  (808, 'Track 808', 808, 258832, 'Fable Crimson 854', 11906272, 1.43),
  (809, 'Track 809', 809, 395238, 'Signal Static 666', 24899994, 1.13),
  (810, 'Track 810', 810, 169512, 'Marble Paper 148', 12543888, 0.88),
  (811, 'Track 811', 811, 258151, 'Mirror Paper 333', 12391248, 1.25),
  (812, 'Track 812', 812, 292395, 'Horizon Orbit 251', 11988195, 0.69),
  (813, 'Track 813', 813, 141986, 'Prism Solar 441', 6815328, 0.71),
  (814, 'Track 814', 814, 364890, 'Fable Neon 227', 22988070, 1.13),
  (815, 'Track 815', 815, 343165, 'Signal Atlas 484', 25737375, 1.40),
  (816, 'Track 816', 816, 235182, 'Mirror Solar 505', 12699828, 0.89),
  (817, 'Track 817', 817, 416326, 'Neon Paper 709', 18318344, 1.01),
  (818, 'Track 818', 818, 280978, 'Digital Echo 387', 21635306, 0.92),
  (819, 'Track 819', 819, 122114, 'Mirror Digital 897', 6838384, 1.42),
  (820, 'Track 820', 820, 204781, 'Static Solar 210', 11672517, 1.12),
  (821, 'Track 821', 821, 388712, 'Golden Nova 434', 23711432, 0.75),
  (822, 'Track 822', 822, 150696, 'Fable Velvet 25', 11000808, 1.02),
  (823, 'Track 823', 823, 313447, 'Marble Paper 265', 22881631, 0.74),
  (824, 'Track 824', 824, 345014, 'Prism Digital 324', 20355826, 1.05),
  (825, 'Track 825', 825, 374538, 'Golden Horizon 443', 16854210, 1.11),
  (826, 'Track 826', 826, 269703, 'Mirror Quartz 134', 16721586, 1.17),
  (827, 'Track 827', 827, 358541, 'Velvet Mirror 226', 25097870, 1.37),
  (828, 'Track 828', 828, 316142, 'Mirror Mirror 355', 16123242, 1.43),
  (829, 'Track 829', 829, 395427, 'Indigo Static 319', 21353058, 0.90),
  (830, 'Track 830', 830, 224439, 'Echo Fable 139', 10997511, 0.89),
  (831, 'Track 831', 831, 232714, 'Signal Digital 673', 16755408, 0.88),
  (832, 'Track 832', 832, 180042, 'Paper Horizon 71', 10802520, 0.99),
  (833, 'Track 833', 833, 168747, 'Neon Echo 982', 7256121, 1.22),
  (834, 'Track 834', 834, 390434, 'Echo Marble 244', 28111248, 0.96),
  (835, 'Track 835', 835, 124509, 'Echo Velvet 789', 6847995, 0.83),
  (836, 'Track 836', 836, 225138, 'Solar Fable 725', 10356348, 1.40),
  (837, 'Track 837', 837, 209393, 'Quartz Indigo 48', 12144794, 1.20),
  (838, 'Track 838', 838, 350390, 'Quartz Marble 523', 24877690, 0.70),
  (839, 'Track 839', 839, 186917, 'Nova Neon 665', 13458024, 0.78),
  (840, 'Track 840', 840, 208094, 'Velvet Indigo 648', 8323760, 1.27),
  (841, 'Track 841', 841, 369878, 'Echo Echo 414', 17754144, 0.87),
  (842, 'Track 842', 842, 387463, 'Golden Quartz 549', 19760613, 0.92),
  (843, 'Track 843', 843, 148548, 'Golden Atlas 609', 10695456, 0.97),
  (844, 'Track 844', 844, 212438, 'Marble Nova 971', 9559710, 1.04),
  (845, 'Track 845', 845, 177331, 'Paper Indigo 818', 7625233, 1.29),
  (846, 'Track 846', 846, 130657, 'Atlas Velvet 892', 6271536, 0.96),
  (847, 'Track 847', 847, 214792, 'Golden Prism 402', 16538984, 1.14),
  (848, 'Track 848', 848, 277386, 'Signal Crimson 56', 12759756, 0.89),
  (849, 'Track 849', 849, 399216, 'Digital Echo 377', 29142768, 0.77),
  (850, 'Track 850', 850, 230485, 'Fable Nova 860', 14520555, 0.76),
  (851, 'Track 851', 851, 184830, 'Prism Quartz 8', 10350480, 0.94),
  (852, 'Track 852', 852, 324898, 'Nova Indigo 76', 15595104, 0.83),
  (853, 'Track 853', 853, 245955, 'Static Horizon 967', 13527525, 1.10),
  (854, 'Track 854', 854, 403796, 'Paper Horizon 224', 29073312, 0.75),
  (855, 'Track 855', 855, 257652, 'Crimson Horizon 658', 15459120, 1.46),
  (856, 'Track 856', 856, 334711, 'Echo Digital 579', 15731417, 1.35),
  (857, 'Track 857', 857, 408206, 'Orbit Fable 566', 20410300, 1.21),
  (858, 'Track 858', 858, 122400, 'Orbit Static 30', 5018400, 1.26),
  (859, 'Track 859', 859, 323739, 'Prism Marble 972', 17158167, 1.21),
  (860, 'Track 860', 860, 393064, 'Static Quartz 248', 29872864, 1.30),
  (861, 'Track 861', 861, 269645, 'Marble Static 60', 18066215, 1.00),
  (862, 'Track 862', 862, 211485, 'Velvet Crimson 7', 11843160, 0.94),
  (863, 'Track 863', 863, 418966, 'Marble Indigo 492', 28908654, 0.83),
  (864, 'Track 864', 864, 414912, 'Paper Signal 968', 18256128, 1.12),
  (865, 'Track 865', 865, 391762, 'Digital Nova 159', 23113958, 1.25),
  (866, 'Track 866', 866, 271777, 'Velvet Crimson 939', 13588850, 0.93),
  (867, 'Track 867', 867, 385703, 'Nova Neon 665', 15428120, 0.84),
  (868, 'Track 868', 868, 267175, 'Indigo Velvet 675', 21106825, 1.44),
  (869, 'Track 869', 869, 151931, 'Fable Neon 227', 6533033, 1.34),
  (870, 'Track 870', 870, 320779, 'Atlas Nova 11', 25341541, 1.09),
  (871, 'Track 871', 871, 174661, 'Atlas Fable 775', 12924914, 1.32),
  (872, 'Track 872', 872, 141260, 'Prism Neon 631', 8475600, 1.06),
  (873, 'Track 873', 873, 220289, 'Horizon Orbit 320', 14318785, 1.16),
  (874, 'Track 874', 874, 147519, 'Marble Echo 733', 11506482, 1.48),
  (875, 'Track 875', 875, 207320, 'Marble Golden 322', 11817240, 0.87),
  (876, 'Track 876', 876, 169658, 'Velvet Marble 93', 12554692, 0.93),
  (877, 'Track 877', 877, 218709, 'Signal Crimson 56', 11372868, 0.78),
  (878, 'Track 878', 878, 189087, 'Prism Signal 42', 13236090, 1.48),
  (879, 'Track 879', 879, 292217, 'Echo Paper 366', 23085143, 0.72),
  (880, 'Track 880', 880, 389109, 'Horizon Marble 946', 26070303, 1.27),
  (881, 'Track 881', 881, 200600, 'Indigo Static 277', 13239600, 1.04),
  (882, 'Track 882', 882, 399255, 'Fable Crimson 854', 21160515, 0.85),
  (883, 'Track 883', 883, 253963, 'Digital Golden 41', 16761558, 1.07),
  (884, 'Track 884', 884, 413805, 'Crimson Golden 389', 20690250, 1.21),
  (885, 'Track 885', 885, 171974, 'Nova Horizon 337', 6878960, 1.14),
  (886, 'Track 886', 886, 217944, 'Echo Velvet 108', 14384304, 1.25),
  (887, 'Track 887', 887, 337080, 'Mirror Crimson 904', 17865240, 1.02),
  (888, 'Track 888', 888, 273455, 'Atlas Fable 5', 18321485, 0.99),
  (889, 'Track 889', 889, 249098, 'Solar Neon 302', 14447684, 1.25),
  (890, 'Track 890', 890, 193881, 'Velvet Golden 611', 14541075, 1.27),
  (891, 'Track 891', 891, 359897, 'Mirror Prism 794', 22313614, 1.33),
  (892, 'Track 892', 892, 369160, 'Mirror Crimson 904', 16243040, 1.41),
  (893, 'Track 893', 893, 140935, 'Echo Velvet 223', 7469555, 0.75),
  (894, 'Track 894', 894, 380998, 'Solar Echo 462', 18668902, 1.10),
  (895, 'Track 895', 895, 286154, 'Golden Signal 965', 16310778, 1.23),
  (896, 'Track 896', 896, 320484, 'Digital Nova 782', 22113396, 1.01),
  (897, 'Track 897', 897, 259981, 'Echo Mirror 311', 16898765, 0.72),
  (898, 'Track 898', 898, 390934, 'Neon Fable 607', 21110436, 1.36),
  (899, 'Track 899', 899, 298670, 'Mirror Paper 616', 15232170, 0.73),
  (900, 'Track 900', 900, 161644, 'Indigo Indigo 208', 11800012, 0.98),
  (901, 'Track 901', 901, 211373, 'Atlas Fable 593', 11836888, 0.75),
  (902, 'Track 902', 902, 251271, 'Digital Marble 697', 19347867, 1.13),
  (903, 'Track 903', 903, 285801, 'Paper Paper 469', 11717841, 1.03),
  (904, 'Track 904', 904, 270730, 'Horizon Golden 230', 18951100, 1.32),
  (905, 'Track 905', 905, 206005, 'Nova Indigo 569', 8652210, 1.36),
  (906, 'Track 906', 906, 133243, 'Quartz Indigo 812', 9859982, 1.11),
  (907, 'Track 907', 907, 387327, 'Neon Paper 452', 22077639, 1.42),
  (908, 'Track 908', 908, 318785, 'Echo Echo 91', 21039810, 1.22),
  (909, 'Track 909', 909, 388909, 'Paper Mirror 801', 31112720, 1.33),
  (910, 'Track 910', 910, 394151, 'Quartz Signal 198', 27590570, 1.13),
  (911, 'Track 911', 911, 184201, 'Velvet Echo 645', 9946854, 1.44),
  (912, 'Track 912', 912, 168686, 'Mirror Solar 287', 7253498, 1.43),
  (913, 'Track 913', 913, 297123, 'Digital Signal 245', 18124503, 1.19),
  (914, 'Track 914', 914, 166094, 'Indigo Marble 137', 11128298, 1.19),
  (915, 'Track 915', 915, 265274, 'Velvet Atlas 655', 20426098, 0.96),
  (916, 'Track 916', 916, 269937, 'Solar Golden 662', 11877228, 0.91),
  (917, 'Track 917', 917, 190122, 'Marble Prism 771', 13308540, 0.85),
  (918, 'Track 918', 918, 402578, 'Solar Horizon 291', 28583038, 1.23),
  (919, 'Track 919', 919, 303870, 'Signal Indigo 464', 12762540, 0.84),
  (920, 'Track 920', 920, 329643, 'Marble Nova 149', 21097152, 0.99),
  (921, 'Track 921', 921, 202368, 'Mirror Mirror 290', 11939712, 1.42),
  (922, 'Track 922', 922, 177447, 'Marble Signal 952', 11179161, 1.21),
  (923, 'Track 923', 923, 327066, 'Neon Mirror 522', 13409706, 1.04),
  (924, 'Track 924', 924, 236463, 'Crimson Orbit 267', 12532539, 1.39),
  (925, 'Track 925', 925, 252979, 'Fable Golden 634', 13407887, 1.32),
  (926, 'Track 926', 926, 161633, 'Static Echo 472', 10506145, 0.95),
  (927, 'Track 927', 927, 168506, 'Nova Nova 410', 8088288, 0.92),
  (928, 'Track 928', 928, 364311, 'Echo Neon 281', 20037105, 1.02),
  (929, 'Track 929', 929, 293201, 'Neon Quartz 938', 21110472, 1.26),
  (930, 'Track 930', 930, 393236, 'Velvet Quartz 288', 17302384, 1.25),
  (931, 'Track 931', 931, 228856, 'Atlas Fable 682', 16935344, 0.74),
  (932, 'Track 932', 932, 185202, 'Velvet Nova 444', 10186110, 1.13),
  (933, 'Track 933', 933, 320314, 'Atlas Fable 5', 18257898, 1.11),
  (934, 'Track 934', 934, 244600, 'Velvet Horizon 427', 15899000, 1.32),
  (935, 'Track 935', 935, 253234, 'Digital Neon 190', 13421402, 0.96),
  (936, 'Track 936', 936, 407698, 'Nova Atlas 908', 19977202, 1.01),
  (937, 'Track 937', 937, 159177, 'Atlas Indigo 477', 6844611, 1.22),
  (938, 'Track 938', 938, 288430, 'Digital Atlas 528', 23074400, 1.45),
  (939, 'Track 939', 939, 366007, 'Golden Digital 510', 23424448, 1.01),
  (940, 'Track 940', 940, 146167, 'Horizon Prism 345', 7016016, 1.24),
  (941, 'Track 941', 941, 120167, 'Solar Signal 525', 9373026, 0.79),
  (942, 'Track 942', 942, 355639, 'Golden Echo 166', 24539091, 1.32),
  (943, 'Track 943', 943, 376390, 'Golden Fable 257', 15431990, 1.10),
  (944, 'Track 944', 944, 313046, 'Crimson Solar 855', 14400116, 1.30),
  (945, 'Track 945', 945, 123162, 'Neon Static 92', 6650748, 1.46),
  (946, 'Track 946', 946, 288940, 'Horizon Quartz 931', 15313820, 0.98),
  (947, 'Track 947', 947, 306382, 'Nova Crimson 858', 12868044, 1.27),
  (948, 'Track 948', 948, 177071, 'Mirror Golden 601', 10624260, 1.27),
  (949, 'Track 949', 949, 235882, 'Quartz Digital 804', 10850572, 1.37),
  (950, 'Track 950', 950, 242726, 'Digital Marble 378', 10922670, 0.95),
  (951, 'Track 951', 951, 163314, 'Golden Prism 893', 11105352, 1.43),
  (952, 'Track 952', 952, 355220, 'Quartz Signal 576', 19537100, 0.81),
  (953, 'Track 953', 953, 347647, 'Echo Solar 438', 14253527, 0.76),
  (954, 'Track 954', 954, 161429, 'Fable Velvet 25', 8717166, 1.13),
  (955, 'Track 955', 955, 192433, 'Fable Mirror 956', 14047609, 0.72),
  (956, 'Track 956', 956, 126540, 'Digital Fable 605', 8857800, 1.28),
  (957, 'Track 957', 957, 230358, 'Mirror Velvet 371', 13591122, 1.42),
  (958, 'Track 958', 958, 373996, 'Signal Indigo 407', 18325804, 1.33),
  (959, 'Track 959', 959, 144240, 'Golden Prism 783', 10385280, 0.92),
  (960, 'Track 960', 960, 209156, 'Velvet Solar 398', 12758516, 1.36),
  (961, 'Track 961', 961, 159455, 'Velvet Indigo 648', 10045665, 1.17),
  (962, 'Track 962', 962, 150251, 'Marble Static 621', 11419076, 1.16),
  (963, 'Track 963', 963, 378828, 'Orbit Crimson 712', 23487336, 0.94),
  (964, 'Track 964', 964, 285215, 'Static Solar 990', 13975535, 1.34),
  (965, 'Track 965', 965, 352509, 'Signal Fable 898', 20445522, 1.30),
  (966, 'Track 966', 966, 326349, 'Atlas Paper 79', 15991101, 0.72),
  (967, 'Track 967', 967, 242110, 'Marble Quartz 217', 10410730, 1.37),
  (968, 'Track 968', 968, 250414, 'Nova Orbit 532', 15525668, 0.96),
  (969, 'Track 969', 969, 376455, 'Solar Prism 364', 26351850, 0.96),
  (970, 'Track 970', 970, 380178, 'Horizon Atlas 933', 27372816, 1.34),
  (971, 'Track 971', 971, 273423, 'Indigo Quartz 231', 14491419, 1.06),
  (972, 'Track 972', 972, 357203, 'Static Crimson 253', 24289804, 1.41),
  (973, 'Track 973', 973, 243454, 'Crimson Digital 495', 10468522, 1.29),
  (974, 'Track 974', 974, 278248, 'Digital Digital 636', 11964664, 1.26),
  (975, 'Track 975', 975, 127981, 'Digital Crimson 297', 8318765, 0.98),
  (976, 'Track 976', 976, 374550, 'Horizon Paper 490', 26218500, 1.11),
  (977, 'Track 977', 977, 317618, 'Marble Prism 182', 18421844, 0.74),
  (978, 'Track 978', 978, 227381, 'Quartz Nova 354', 11823812, 1.34),
  (979, 'Track 979', 979, 397961, 'Fable Static 989', 27459309, 0.86),
  (980, 'Track 980', 980, 369793, 'Atlas Mirror 913', 23296959, 1.06),
  (981, 'Track 981', 981, 294717, 'Horizon Digital 167', 20630190, 0.98),
  (982, 'Track 982', 982, 419284, 'Fable Golden 493', 31027016, 1.42),
  (983, 'Track 983', 983, 152482, 'Nova Crimson 858', 10368776, 0.70),
  (984, 'Track 984', 984, 299032, 'Indigo Velvet 950', 16446760, 1.43),
  (985, 'Track 985', 985, 154498, 'Echo Signal 395', 9269880, 0.80),
  (986, 'Track 986', 986, 320189, 'Digital Indigo 765', 18250773, 0.84),
  (987, 'Track 987', 987, 407099, 'Digital Fable 127', 29718227, 0.69),
  (988, 'Track 988', 988, 150260, 'Quartz Digital 804', 10818720, 0.75),
  (989, 'Track 989', 989, 239467, 'Echo Signal 395', 14607487, 0.94),
  (990, 'Track 990', 990, 206295, 'Orbit Solar 711', 10727340, 1.18),
  (991, 'Track 991', 991, 416388, 'Orbit Marble 204', 17904684, 0.84),
  (992, 'Track 992', 992, 126146, 'Atlas Paper 372', 8830220, 1.19),
  (993, 'Track 993', 993, 190730, 'Orbit Paper 36', 11634530, 1.43),
  (994, 'Track 994', 994, 273907, 'Paper Prism 234', 11230187, 1.16),
  (995, 'Track 995', 995, 346929, 'Solar Golden 662', 22203456, 1.11),
  (996, 'Track 996', 996, 289374, 'Prism Echo 822', 13600578, 1.11),
  (997, 'Track 997', 997, 200860, 'Quartz Crimson 479', 15867940, 0.90),
  (998, 'Track 998', 998, 207437, 'Echo Digital 260', 15142901, 0.75),
  (999, 'Track 999', 999, 227271, 'Marble Mirror 68', 17272596, 0.83),
  (1000, 'Track 1000', 1000, 399027, 'Marble Horizon 504', 31922160, 1.37);
